ST_CODE,ST_NAME,MONTH,YEAR,DIST_NAME,AC_NO,AC_NAME,AC_TYPE,CAND_NAME,CAND_SEX,CAND_CATEGORY,CAND_AGE,PARTYABBRE,TVTSPOL_IC,POSITION,,,,,,,,
U05,NCT OF Delhi,2,2015,NORTH WEST                    ,1,NERELA,GEN,SHARAD KUMAR,M,GEN,40,AAAP,96143,1,,,,,,,,
U05,NCT OF Delhi,2,2015,NORTH WEST                    ,1,NERELA,GEN,NEEL DAMAN KHATRI,M,GEN,44,BJP,55851,2,,,,,,,,
U05,NCT OF Delhi,2,2015,NORTH WEST                    ,1,NERELA,GEN,PRAVEEN KUMAR BHUGRA,M,GEN,46,INC,4643,7,,,,,,,,
U05,NCT OF Delhi,2,2015,NORTH WEST                    ,1,NERELA,GEN,ROOPESH BHARDWAJ,M,GEN,40,BSP,1662,9,,,,,,,,
U05,NCT OF Delhi,2,2015,NORTH WEST                    ,1,NERELA,GEN,None of the Above,NULL,NULL,NULL,NOTA,767,11,,,,,,,,
U05,NCT OF Delhi,2,2015,NORTH WEST                    ,1,NERELA,GEN,BRIJ MOHAN,M,GEN,37,SHS,478,16,,,,,,,,
U05,NCT OF Delhi,2,2015,NORTH WEST                    ,1,NERELA,GEN,SURENDER,M,GEN,48,CPI(ML)(L),363,17,,,,,,,,
U05,NCT OF Delhi,2,2015,NORTH WEST                    ,1,NERELA,GEN,MANOJ KUMAR,M,GEN,42,IND,218,21,,,,,,,,
U05,NCT OF Delhi,2,2015,NORTH WEST                    ,1,NERELA,GEN,AJAY MUDGIL,M,GEN,30,IND,191,23,,,,,,,,
U05,NCT OF Delhi,2,2015,NORTH                         ,2,BURARI,GEN,SANJEEV JHA,M,GEN,35,AAAP,124724,1,,,,,,,,
U05,NCT OF Delhi,2,2015,NORTH                         ,2,BURARI,GEN,GOPAL JHA,M,GEN,46,BJP,56774,3,,,,,,,,
U05,NCT OF Delhi,2,2015,NORTH                         ,2,BURARI,GEN,J S CHAUHAN,M,GEN,66,INC,6750,6,,,,,,,,
U05,NCT OF Delhi,2,2015,NORTH                         ,2,BURARI,GEN,RAMBIR,M,SC,42,BSP,2343,11,,,,,,,,
U05,NCT OF Delhi,2,2015,NORTH                         ,2,BURARI,GEN,MANAGER CHAURASIYA,M,GEN,45,SUCI,930,12,,,,,,,,
U05,NCT OF Delhi,2,2015,NORTH                         ,2,BURARI,GEN,DHARAM PAL SINGH,M,GEN,49,SHS,561,14,,,,,,,,
U05,NCT OF Delhi,2,2015,NORTH                         ,2,BURARI,GEN,KHADAK LAL,M,GEN,63,IND,540,16,,,,,,,,
U05,NCT OF Delhi,2,2015,NORTH                         ,2,BURARI,GEN,RICHA MUNDRA,F,GEN,37,SASAPT,532,17,,,,,,,,
U05,NCT OF Delhi,2,2015,NORTH                         ,2,BURARI,GEN,NAFE SINGH RAJPUT,M,GEN,41,IND,435,20,,,,,,,,
U05,NCT OF Delhi,2,2015,NORTH                         ,2,BURARI,GEN,None of the Above,NULL,NULL,NULL,NOTA,413,21,,,,,,,,
U05,NCT OF Delhi,2,2015,NORTH                         ,2,BURARI,GEN,PREM SHANKAR SHARMA,M,GEN,51,ABSPARTY,382,22,,,,,,,,
U05,NCT OF Delhi,2,2015,NORTH                         ,2,BURARI,GEN,MADHU DIWAKAR,F,GEN,45,CPM,250,27,,,,,,,,
U05,NCT OF Delhi,2,2015,NORTH                         ,2,BURARI,GEN,RANJAN KUMAR SINGH,M,GEN,29,BaJD,158,35,,,,,,,,
U05,NCT OF Delhi,2,2015,NORTH                         ,2,BURARI,GEN,SUSHIL KUMAR MISHRA,M,GEN,41,ABHM,130,37,,,,,,,,
U05,NCT OF Delhi,2,2015,NORTH                         ,2,BURARI,GEN,GULAB SINGHAL,M,GEN,39,RAJP,110,38,,,,,,,,
U05,NCT OF Delhi,2,2015,NORTH                         ,2,BURARI,GEN,RAJBIR SINGH,M,SC,34,IND,109,39,,,,,,,,
U05,NCT OF Delhi,2,2015,NORTH                         ,2,BURARI,GEN,PRAVEN KUMAR,M,GEN,26,GaAP,105,40,,,,,,,,
U05,NCT OF Delhi,2,2015,NORTH                         ,2,BURARI,GEN,PANKAJ KUMAR AGARAWAL,M,GEN,38,PpGP,96,41,,,,,,,,
U05,NCT OF Delhi,2,2015,NORTH                         ,2,BURARI,GEN,KALPANA GUPTA,F,GEN,28,RPI(A),85,42,,,,,,,,
U05,NCT OF Delhi,2,2015,NORTH                         ,3,TIMARPUR,GEN,PANKAJ PUSHKAR,M,GEN,42,AAAP,64477,1,,,,,,,,
U05,NCT OF Delhi,2,2015,NORTH                         ,3,TIMARPUR,GEN,RAJNI ABBI,F,GEN,52,BJP,43830,2,,,,,,,,
U05,NCT OF Delhi,2,2015,NORTH                         ,3,TIMARPUR,GEN,SURINDER PAL SINGH,M,GEN,54,INC,14642,6,,,,,,,,
U05,NCT OF Delhi,2,2015,NORTH                         ,3,TIMARPUR,GEN,MANOJ,M,GEN,37,BSP,592,10,,,,,,,,
U05,NCT OF Delhi,2,2015,NORTH                         ,3,TIMARPUR,GEN,HARJINDER SINGH,M,GEN,49,IND,581,11,,,,,,,,
U05,NCT OF Delhi,2,2015,NORTH                         ,3,TIMARPUR,GEN,None of the Above,NULL,NULL,NULL,NOTA,555,13,,,,,,,,
U05,NCT OF Delhi,2,2015,NORTH                         ,3,TIMARPUR,GEN,SANJEEV KUMAR RANA,M,GEN,46,CPI,542,14,,,,,,,,
U05,NCT OF Delhi,2,2015,NORTH                         ,3,TIMARPUR,GEN,CHAND MIYA,M,GEN,25,IND,448,15,,,,,,,,
U05,NCT OF Delhi,2,2015,NORTH                         ,3,TIMARPUR,GEN,SAVITA CHAUDHARY,F,SC,52,IND,170,20,,,,,,,,
U05,NCT OF Delhi,2,2015,NORTH                         ,3,TIMARPUR,GEN,GUNJAN KUMAR,M,GEN,30,IND,129,21,,,,,,,,
U05,NCT OF Delhi,2,2015,NORTH                         ,3,TIMARPUR,GEN,SHESH NATH GOSWAMI,M,GEN,32,ABSPARTY,119,22,,,,,,,,
U05,NCT OF Delhi,2,2015,NORTH                         ,3,TIMARPUR,GEN,RAMESH,M,SC,34,REP,99,23,,,,,,,,
U05,NCT OF Delhi,2,2015,NORTH                         ,3,TIMARPUR,GEN,PARAS NATH YADAV,M,GEN,46,bjdi,61,25,,,,,,,,
U05,NCT OF Delhi,2,2015,NORTH                         ,3,TIMARPUR,GEN,VIDYA,F,SC,39,PSPARTY,52,26,,,,,,,,
U05,NCT OF Delhi,2,2015,NORTH                         ,4,ADARSH NAGAR,GEN,PAWAN KUMAR SHARMA,M,GEN,44,AAAP,54026,1,,,,,,,,
U05,NCT OF Delhi,2,2015,NORTH                         ,4,ADARSH NAGAR,GEN,RAM KISHAN SINGHAL,M,GEN,63,BJP,33285,3,,,,,,,,
U05,NCT OF Delhi,2,2015,NORTH                         ,4,ADARSH NAGAR,GEN,MUKESH KUMAR GOEL,M,GEN,54,INC,15341,6,,,,,,,,
U05,NCT OF Delhi,2,2015,NORTH                         ,4,ADARSH NAGAR,GEN,VIJAY KUMAR AGGARWAL,M,GEN,53,IND,694,9,,,,,,,,
U05,NCT OF Delhi,2,2015,NORTH                         ,4,ADARSH NAGAR,GEN,RAMNIWAS,M,SC,40,BSP,679,10,,,,,,,,
U05,NCT OF Delhi,2,2015,NORTH                         ,4,ADARSH NAGAR,GEN,None of the Above,NULL,NULL,NULL,NOTA,459,11,,,,,,,,
U05,NCT OF Delhi,2,2015,NORTH                         ,4,ADARSH NAGAR,GEN,LAL SINGH,M,GEN,44,IND,263,13,,,,,,,,
U05,NCT OF Delhi,2,2015,NORTH                         ,4,ADARSH NAGAR,GEN,SUNIL,M,GEN,34,IND,194,18,,,,,,,,
U05,NCT OF Delhi,2,2015,NORTH                         ,4,ADARSH NAGAR,GEN,NARESH KUMAR CHOUBEY,M,GEN,48,BJKD,108,19,,,,,,,,
U05,NCT OF Delhi,2,2015,NORTH                         ,4,ADARSH NAGAR,GEN,SUMAN,F,GEN,40,RPI(A),73,20,,,,,,,,
U05,NCT OF Delhi,2,2015,NORTH                         ,4,ADARSH NAGAR,GEN,KRISHNA KUMAR SINGH,M,GEN,41,bjdi,61,21,,,,,,,,
U05,NCT OF Delhi,2,2015,NORTH WEST                    ,5,BADLI,GEN,AJESH YADAV,M,GEN,47,AAAP,72795,1,,,,,,,,
U05,NCT OF Delhi,2,2015,NORTH WEST                    ,5,BADLI,GEN,DEVENDER YADAV,M,GEN,43,INC,37419,3,,,,,,,,
U05,NCT OF Delhi,2,2015,NORTH WEST                    ,5,BADLI,GEN,RAJESH YADAV,M,GEN,41,BJP,28238,6,,,,,,,,
U05,NCT OF Delhi,2,2015,NORTH WEST                    ,5,BADLI,GEN,RAKESH KUMAR,M,GEN,40,SUCI,947,9,,,,,,,,
U05,NCT OF Delhi,2,2015,NORTH WEST                    ,5,BADLI,GEN,ANAND PRAKASH RANA,M,GEN,35,IND,729,10,,,,,,,,
U05,NCT OF Delhi,2,2015,NORTH WEST                    ,5,BADLI,GEN,None of the Above,NULL,NULL,NULL,NOTA,713,11,,,,,,,,
U05,NCT OF Delhi,2,2015,NORTH WEST                    ,5,BADLI,GEN,DR. MD. JAWED HABIB,M,GEN,40,BSP,685,12,,,,,,,,
U05,NCT OF Delhi,2,2015,NORTH WEST                    ,5,BADLI,GEN,JAI PAL,M,GEN,40,IND,293,15,,,,,,,,
U05,NCT OF Delhi,2,2015,NORTH WEST                    ,5,BADLI,GEN,HARI OM,M,GEN,44,IND,202,19,,,,,,,,
U05,NCT OF Delhi,2,2015,NORTH WEST                    ,5,BADLI,GEN,ANIL SHARMA,M,GEN,48,NCP,169,21,,,,,,,,
U05,NCT OF Delhi,2,2015,NORTH WEST                    ,5,BADLI,GEN,DEVENDER YADAV,M,GEN,45,IND,160,22,,,,,,,,
U05,NCT OF Delhi,2,2015,NORTH WEST                    ,6,RITHALA,GEN,MOHINDER GOYAL,M,GEN,51,AAAP,93470,1,,,,,,,,
U05,NCT OF Delhi,2,2015,NORTH WEST                    ,6,RITHALA,GEN,KULWANT RANA,M,GEN,44,BJP,64219,3,,,,,,,,
U05,NCT OF Delhi,2,2015,NORTH WEST                    ,6,RITHALA,GEN,JAGDISH YADAV,M,GEN,58,INC,5367,6,,,,,,,,
U05,NCT OF Delhi,2,2015,NORTH WEST                    ,6,RITHALA,GEN,None of the Above,NULL,NULL,NULL,NOTA,705,9,,,,,,,,
U05,NCT OF Delhi,2,2015,NORTH WEST                    ,6,RITHALA,GEN,PAWAN KAUSHIK,M,GEN,44,BSP,542,10,,,,,,,,
U05,NCT OF Delhi,2,2015,NORTH WEST                    ,6,RITHALA,GEN,ANURAG MISHRA,M,GEN,25,RBHP,266,14,,,,,,,,
U05,NCT OF Delhi,2,2015,NORTH WEST                    ,6,RITHALA,GEN,SUMEET KUMAR SINHA,M,GEN,38,SASAPT,156,15,,,,,,,,
U05,NCT OF Delhi,2,2015,NORTH WEST                    ,6,RITHALA,GEN,SUNJEET,M,GEN,40,DJP,127,18,,,,,,,,
U05,NCT OF Delhi,2,2015,NORTH WEST                    ,6,RITHALA,GEN,VIRENDER JHA,M,GEN,52,PBI,126,19,,,,,,,,
U05,NCT OF Delhi,2,2015,NORTH WEST                    ,6,RITHALA,GEN,JITENDER SINGH,M,SC,26,ASSP,88,20,,,,,,,,
U05,NCT OF Delhi,2,2015,NORTH WEST                    ,7,BAWANA,SC,VED PARKASH,M,SC,41,AAAP,108928,1,,,,,,,,
U05,NCT OF Delhi,2,2015,NORTH WEST                    ,7,BAWANA,SC,GUGAN SINGH,M,SC,66,BJP,58371,3,,,,,,,,
U05,NCT OF Delhi,2,2015,NORTH WEST                    ,7,BAWANA,SC,SURENDER KUMAR,M,SC,57,INC,14749,6,,,,,,,,
U05,NCT OF Delhi,2,2015,NORTH WEST                    ,7,BAWANA,SC,GAJANAND,M,SC,44,BSP,3641,8,,,,,,,,
U05,NCT OF Delhi,2,2015,NORTH WEST                    ,7,BAWANA,SC,None of the Above,NULL,NULL,NULL,NOTA,866,10,,,,,,,,
U05,NCT OF Delhi,2,2015,NORTH WEST                    ,7,BAWANA,SC,AMOD PASWAN,M,SC,34,bjdi,425,14,,,,,,,,
U05,NCT OF Delhi,2,2015,NORTH WEST                    ,7,BAWANA,SC,RAM BABU,M,SC,62,RBHP,364,15,,,,,,,,
U05,NCT OF Delhi,2,2015,NORTH WEST                    ,8,MUNDKA,GEN,SUKHVIR SINGH,M,GEN,53,AAAP,94206,1,,,,,,,,
U05,NCT OF Delhi,2,2015,NORTH WEST                    ,8,MUNDKA,GEN,AZAD SINGH,M,GEN,63,BJP,53380,2,,,,,,,,
U05,NCT OF Delhi,2,2015,NORTH WEST                    ,8,MUNDKA,GEN,REETA,F,GEN,34,INC,13446,7,,,,,,,,
U05,NCT OF Delhi,2,2015,NORTH WEST                    ,8,MUNDKA,GEN,OM PARKASH,M,GEN,51,BSP,778,12,,,,,,,,
U05,NCT OF Delhi,2,2015,NORTH WEST                    ,8,MUNDKA,GEN,None of the Above,NULL,NULL,NULL,NOTA,576,15,,,,,,,,
U05,NCT OF Delhi,2,2015,NORTH WEST                    ,8,MUNDKA,GEN,RAVI SWAROOP,M,GEN,49,RBHP,550,17,,,,,,,,
U05,NCT OF Delhi,2,2015,NORTH WEST                    ,8,MUNDKA,GEN,UDEY VIR,M,GEN,60,SASAPT,361,20,,,,,,,,
U05,NCT OF Delhi,2,2015,NORTH WEST                    ,8,MUNDKA,GEN,VIRANDER SINGH,M,GEN,49,IND,341,21,,,,,,,,
U05,NCT OF Delhi,2,2015,NORTH WEST                    ,8,MUNDKA,GEN,RAMBALI SHAH,M,GEN,47,IND,240,25,,,,,,,,
U05,NCT OF Delhi,2,2015,NORTH WEST                    ,8,MUNDKA,GEN,ANIL KUMAR,M,GEN,39,IND,179,28,,,,,,,,
U05,NCT OF Delhi,2,2015,NORTH WEST                    ,8,MUNDKA,GEN,VIJAY KUMAR GARG,M,GEN,45,DJP,157,30,,,,,,,,
U05,NCT OF Delhi,2,2015,NORTH WEST                    ,8,MUNDKA,GEN,JASMER SINGH,M,GEN,39,GaAP,117,31,,,,,,,,
U05,NCT OF Delhi,2,2015,NORTH WEST                    ,8,MUNDKA,GEN,RAJ KUMAR PARIHAR,M,GEN,40,NCP,110,32,,,,,,,,
U05,NCT OF Delhi,2,2015,NORTH WEST                    ,8,MUNDKA,GEN,LAXMI,F,GEN,36,RPI(A),78,33,,,,,,,,
U05,NCT OF Delhi,2,2015,NORTH WEST                    ,8,MUNDKA,GEN,KARAM CHAND LATHWAL,M,GEN,49,BPC,61,34,,,,,,,,
U05,NCT OF Delhi,2,2015,NORTH WEST                    ,8,MUNDKA,GEN,RAKESH KUMAR SHARMA,M,GEN,29,AIFB,52,35,,,,,,,,
U05,NCT OF Delhi,2,2015,NORTH WEST                    ,9,KIRARI,GEN,RITURAJ GOVIND,M,GEN,26,AAAP,97727,1,,,,,,,,
U05,NCT OF Delhi,2,2015,NORTH WEST                    ,9,KIRARI,GEN,ANIL JHA,M,GEN,40,BJP,52555,3,,,,,,,,
U05,NCT OF Delhi,2,2015,NORTH WEST                    ,9,KIRARI,GEN,PRATYUSH KANTH,M,GEN,42,INC,2086,7,,,,,,,,
U05,NCT OF Delhi,2,2015,NORTH WEST                    ,9,KIRARI,GEN,D.N. BHAGAT KUSHWAHA,M,GEN,42,BSP,2021,8,,,,,,,,
U05,NCT OF Delhi,2,2015,NORTH WEST                    ,9,KIRARI,GEN,AMRESH SHARMA,M,GEN,35,DNP,1499,9,,,,,,,,
U05,NCT OF Delhi,2,2015,NORTH WEST                    ,9,KIRARI,GEN,None of the Above,NULL,NULL,NULL,NOTA,840,14,,,,,,,,
U05,NCT OF Delhi,2,2015,NORTH WEST                    ,9,KIRARI,GEN,PUSPRAJ SINGH,M,GEN,40,IND,763,15,,,,,,,,
U05,NCT OF Delhi,2,2015,NORTH WEST                    ,9,KIRARI,GEN,BANSHIDHAR MISHRA,M,GEN,62,HCP,339,18,,,,,,,,
U05,NCT OF Delhi,2,2015,NORTH WEST                    ,9,KIRARI,GEN,RASAT GARG,M,GEN,41,PHRC,258,20,,,,,,,,
U05,NCT OF Delhi,2,2015,NORTH WEST                    ,9,KIRARI,GEN,ABINAV SANJAY PRAJAPATI,M,GEN,39,NCP,224,22,,,,,,,,
U05,NCT OF Delhi,2,2015,NORTH WEST                    ,9,KIRARI,GEN,RAJINDER KUMAR,M,GEN,38,SHS,173,26,,,,,,,,
U05,NCT OF Delhi,2,2015,NORTH WEST                    ,10,SULTANPUR MAJRA,SC,SANDEEP KUMAR,M,SC,34,AAAP,80269,1,,,,,,,,
U05,NCT OF Delhi,2,2015,NORTH WEST                    ,10,SULTANPUR MAJRA,SC,PARBHU DAYAL,M,SC,35,BJP,15830,6,,,,,,,,
U05,NCT OF Delhi,2,2015,NORTH WEST                    ,10,SULTANPUR MAJRA,SC,JAI KISHAN,M,SC,56,INC,15036,7,,,,,,,,
U05,NCT OF Delhi,2,2015,NORTH WEST                    ,10,SULTANPUR MAJRA,SC,NATHU RAM,M,SC,45,BSP,2838,8,,,,,,,,
U05,NCT OF Delhi,2,2015,NORTH WEST                    ,10,SULTANPUR MAJRA,SC,GURDAYAL SINGH,M,SC,46,SHS,549,11,,,,,,,,
U05,NCT OF Delhi,2,2015,NORTH WEST                    ,10,SULTANPUR MAJRA,SC,None of the Above,NULL,NULL,NULL,NOTA,521,12,,,,,,,,
U05,NCT OF Delhi,2,2015,NORTH WEST                    ,10,SULTANPUR MAJRA,SC,SONU,M,SC,34,BMUP,309,14,,,,,,,,
U05,NCT OF Delhi,2,2015,NORTH WEST                    ,10,SULTANPUR MAJRA,SC,RAMESH KUMAR,O,SC,50,IND,148,16,,,,,,,,
U05,NCT OF Delhi,2,2015,WEST                          ,11,NANGLOI JAT,GEN,RAGHUVINDER SHOKEEN,M,GEN,48,AAAP,83259,1,,,,,,,,
U05,NCT OF Delhi,2,2015,WEST                          ,11,NANGLOI JAT,GEN,MANOJ KUMAR SHOKEEN,M,GEN,47,BJP,46235,4,,,,,,,,
U05,NCT OF Delhi,2,2015,WEST                          ,11,NANGLOI JAT,GEN,DR. BIJENDER SINGH,M,GEN,67,INC,15756,6,,,,,,,,
U05,NCT OF Delhi,2,2015,WEST                          ,11,NANGLOI JAT,GEN,NARENDER BINDAL,M,GEN,49,IND,3323,7,,,,,,,,
U05,NCT OF Delhi,2,2015,WEST                          ,11,NANGLOI JAT,GEN,KULWANT RAI BANSAL,M,GEN,59,BSP,1173,9,,,,,,,,
U05,NCT OF Delhi,2,2015,WEST                          ,11,NANGLOI JAT,GEN,SANDEEP KHATIK,M,SC,25,JD(U),538,12,,,,,,,,
U05,NCT OF Delhi,2,2015,WEST                          ,11,NANGLOI JAT,GEN,None of the Above,NULL,NULL,NULL,NOTA,517,13,,,,,,,,
U05,NCT OF Delhi,2,2015,WEST                          ,11,NANGLOI JAT,GEN,RAGHVENDER SINGH,M,GEN,54,IND,410,14,,,,,,,,
U05,NCT OF Delhi,2,2015,WEST                          ,11,NANGLOI JAT,GEN,MAHESH KUMAR,M,GEN,45,IND,289,15,,,,,,,,
U05,NCT OF Delhi,2,2015,WEST                          ,11,NANGLOI JAT,GEN,ADARSH SHARMA,M,GEN,35,PMPT,280,16,,,,,,,,
U05,NCT OF Delhi,2,2015,WEST                          ,11,NANGLOI JAT,GEN,ANIL,M,GEN,28,IND,139,20,,,,,,,,
U05,NCT OF Delhi,2,2015,WEST                          ,11,NANGLOI JAT,GEN,HARI SHANKAR SHARMA,M,GEN,50,AIFB,131,21,,,,,,,,
U05,NCT OF Delhi,2,2015,WEST                          ,11,NANGLOI JAT,GEN,DHARAM PAL BHILWARA,M,GEN,57,HCP,103,26,,,,,,,,
U05,NCT OF Delhi,2,2015,WEST                          ,11,NANGLOI JAT,GEN,ROHTASH SINGH,M,GEN,56,SAAFP,102,27,,,,,,,,
U05,NCT OF Delhi,2,2015,WEST                          ,11,NANGLOI JAT,GEN,DR. TARUN KUMAR,M,GEN,40,VSP,62,29,,,,,,,,
U05,NCT OF Delhi,2,2015,WEST                          ,11,NANGLOI JAT,GEN,RATAN LAL GUPTA (ADVOCATE),M,GEN,38,DJP,58,30,,,,,,,,
U05,NCT OF Delhi,2,2015,WEST                          ,12,MANGOL PURI,SC,RAKHI BIRLA,F,SC,27,AAAP,60534,1,,,,,,,,
U05,NCT OF Delhi,2,2015,WEST                          ,12,MANGOL PURI,SC,RAJ KUMAR CHAUHAN,M,SC,57,INC,37835,3,,,,,,,,
U05,NCT OF Delhi,2,2015,WEST                          ,12,MANGOL PURI,SC,SURJEET KUMAR,M,SC,47,BJP,27889,6,,,,,,,,
U05,NCT OF Delhi,2,2015,WEST                          ,12,MANGOL PURI,SC,DEVENDER KUMAR,M,SC,32,BSP,1659,8,,,,,,,,
U05,NCT OF Delhi,2,2015,WEST                          ,12,MANGOL PURI,SC,None of the Above,NULL,NULL,NULL,NOTA,534,11,,,,,,,,
U05,NCT OF Delhi,2,2015,WEST                          ,12,MANGOL PURI,SC,RAJU,M,SC,36,SHS,330,13,,,,,,,,
U05,NCT OF Delhi,2,2015,WEST                          ,12,MANGOL PURI,SC,VIJAY MAHAROLIYA,M,SC,43,IND,179,15,,,,,,,,
U05,NCT OF Delhi,2,2015,NORTH WEST                    ,13,ROHINI,GEN,VIJENDER GUPTA,M,GEN,51,BJP,59866,1,,,,,,,,
U05,NCT OF Delhi,2,2015,NORTH WEST                    ,13,ROHINI,GEN,C.L. GUPTA ADVOCATE,M,GEN,60,AAAP,54499,2,,,,,,,,
U05,NCT OF Delhi,2,2015,NORTH WEST                    ,13,ROHINI,GEN,SUKHBIR SHARMA,M,GEN,53,INC,3399,6,,,,,,,,
U05,NCT OF Delhi,2,2015,NORTH WEST                    ,13,ROHINI,GEN,RAJU,M,GEN,45,DMKP,1406,7,,,,,,,,
U05,NCT OF Delhi,2,2015,NORTH WEST                    ,13,ROHINI,GEN,None of the Above,NULL,NULL,NULL,NOTA,557,10,,,,,,,,
U05,NCT OF Delhi,2,2015,NORTH WEST                    ,13,ROHINI,GEN,DEEPAK KUMAR,M,GEN,33,BSP,349,11,,,,,,,,
U05,NCT OF Delhi,2,2015,NORTH WEST                    ,13,ROHINI,GEN,SARABJIT SINGH,M,GEN,32,IND,66,13,,,,,,,,
U05,NCT OF Delhi,2,2015,NORTH                         ,14,SHALIMAR BAGH,GEN,BANDANA KUMARI,F,GEN,40,AAAP,62656,1,,,,,,,,
U05,NCT OF Delhi,2,2015,NORTH                         ,14,SHALIMAR BAGH,GEN,REKHA GUPTA,F,GEN,40,BJP,51678,2,,,,,,,,
U05,NCT OF Delhi,2,2015,NORTH                         ,14,SHALIMAR BAGH,GEN,SULEKH AGGARWAL,M,GEN,42,INC,3200,7,,,,,,,,
U05,NCT OF Delhi,2,2015,NORTH                         ,14,SHALIMAR BAGH,GEN,LALIT KUMAR GAUTAM,M,SC,34,BSP,892,10,,,,,,,,
U05,NCT OF Delhi,2,2015,NORTH                         ,14,SHALIMAR BAGH,GEN,None of the Above,NULL,NULL,NULL,NOTA,627,11,,,,,,,,
U05,NCT OF Delhi,2,2015,NORTH                         ,14,SHALIMAR BAGH,GEN,AVINASH KUMAR JHA,M,GEN,49,IND,430,12,,,,,,,,
U05,NCT OF Delhi,2,2015,NORTH                         ,14,SHALIMAR BAGH,GEN,HARISH CHANDER TIWARI,M,GEN,63,IND,286,14,,,,,,,,
U05,NCT OF Delhi,2,2015,NORTH                         ,14,SHALIMAR BAGH,GEN,ASHOK KUMAR,M,GEN,35,IND,219,15,,,,,,,,
U05,NCT OF Delhi,2,2015,NORTH                         ,14,SHALIMAR BAGH,GEN,WAJID ALI,M,GEN,57,IND,90,17,,,,,,,,
U05,NCT OF Delhi,2,2015,NORTH                         ,14,SHALIMAR BAGH,GEN,CA SATISH SINGAL,M,GEN,54,IND,86,18,,,,,,,,
U05,NCT OF Delhi,2,2015,NORTH                         ,15,SHAKUR BASTI,GEN,SATYENDAR JAIN,M,GEN,50,AAAP,51530,1,,,,,,,,
U05,NCT OF Delhi,2,2015,NORTH                         ,15,SHAKUR BASTI,GEN,S C VATS,M,GEN,69,BJP,48397,2,,,,,,,,
U05,NCT OF Delhi,2,2015,NORTH                         ,15,SHAKUR BASTI,GEN,CHAMAN LAL SHARMA,M,GEN,62,INC,4812,6,,,,,,,,
U05,NCT OF Delhi,2,2015,NORTH                         ,15,SHAKUR BASTI,GEN,None of the Above,NULL,NULL,NULL,NOTA,438,9,,,,,,,,
U05,NCT OF Delhi,2,2015,NORTH                         ,15,SHAKUR BASTI,GEN,DR. AMAR NATH YADAV,M,GEN,66,kajp,234,10,,,,,,,,
U05,NCT OF Delhi,2,2015,NORTH                         ,15,SHAKUR BASTI,GEN,LAXMAN,M,GEN,49,BSP,233,11,,,,,,,,
U05,NCT OF Delhi,2,2015,NORTH                         ,15,SHAKUR BASTI,GEN,SAPNA SHARMA,F,GEN,42,NADP,103,18,,,,,,,,
U05,NCT OF Delhi,2,2015,NORTH                         ,15,SHAKUR BASTI,GEN,JUGAL KISHOR,M,GEN,42,IND,87,19,,,,,,,,
U05,NCT OF Delhi,2,2015,NORTH                         ,15,SHAKUR BASTI,GEN,SUNITA SACHDEVA,F,GEN,49,DJP,53,20,,,,,,,,
U05,NCT OF Delhi,2,2015,NORTH                         ,16,TRI NAGAR,GEN,JITENDER SINGH TOMAR,M,GEN,48,AAAP,63012,1,,,,,,,,
U05,NCT OF Delhi,2,2015,NORTH                         ,16,TRI NAGAR,GEN,NAND KISHORE GARG,M,GEN,66,BJP,40701,2,,,,,,,,
U05,NCT OF Delhi,2,2015,NORTH                         ,16,TRI NAGAR,GEN,ANIL BHARDWAJ,M,GEN,48,INC,7939,6,,,,,,,,
U05,NCT OF Delhi,2,2015,NORTH                         ,16,TRI NAGAR,GEN,None of the Above,NULL,NULL,NULL,NOTA,407,10,,,,,,,,
U05,NCT OF Delhi,2,2015,NORTH                         ,16,TRI NAGAR,GEN,NITYA NAND SINGH,M,GEN,40,BSP,317,12,,,,,,,,
U05,NCT OF Delhi,2,2015,NORTH                         ,16,TRI NAGAR,GEN,LALITA AGARWAL,F,GEN,51,IND,275,14,,,,,,,,
U05,NCT OF Delhi,2,2015,NORTH                         ,16,TRI NAGAR,GEN,KHALID ALI,M,GEN,34,IND,139,18,,,,,,,,
U05,NCT OF Delhi,2,2015,NORTH                         ,16,TRI NAGAR,GEN,MOHAMMAD SALEEM,M,GEN,26,NCP,101,20,,,,,,,,
U05,NCT OF Delhi,2,2015,NORTH                         ,16,TRI NAGAR,GEN,NEELAM NIGAM,F,GEN,28,JD(U),80,24,,,,,,,,
U05,NCT OF Delhi,2,2015,NORTH                         ,16,TRI NAGAR,GEN,NANDKISHOR PRASAD YADAV,M,GEN,31,IND,61,28,,,,,,,,
U05,NCT OF Delhi,2,2015,NORTH                         ,16,TRI NAGAR,GEN,AMIT KUMAR,M,SC,38,IND,33,29,,,,,,,,
U05,NCT OF Delhi,2,2015,NORTH                         ,16,TRI NAGAR,GEN,SANDEEP KANSAL,M,GEN,25,SHS,28,30,,,,,,,,
U05,NCT OF Delhi,2,2015,NORTH                         ,16,TRI NAGAR,GEN,MANISH KUKREJA,M,GEN,30,SASAPT,18,31,,,,,,,,
U05,NCT OF Delhi,2,2015,NORTH                         ,16,TRI NAGAR,GEN,BASHIRUDDIN,M,GEN,69,AIMF,7,32,,,,,,,,
U05,NCT OF Delhi,2,2015,NORTH                         ,17,WAZIRPUR,GEN,RAJESH GUPTA,M,GEN,36,AAAP,61208,1,,,,,,,,
U05,NCT OF Delhi,2,2015,NORTH                         ,17,WAZIRPUR,GEN,DR. MAHANDER NAGPAL,M,GEN,55,BJP,39164,2,,,,,,,,
U05,NCT OF Delhi,2,2015,NORTH                         ,17,WAZIRPUR,GEN,HARI SHANKER GUPTA,M,GEN,58,INC,8371,6,,,,,,,,
U05,NCT OF Delhi,2,2015,NORTH                         ,17,WAZIRPUR,GEN,RAM DHANI,M,GEN,41,BSP,1185,9,,,,,,,,
U05,NCT OF Delhi,2,2015,NORTH                         ,17,WAZIRPUR,GEN,RAJESH KUMAR,M,GEN,29,IND,547,12,,,,,,,,
U05,NCT OF Delhi,2,2015,NORTH                         ,17,WAZIRPUR,GEN,None of the Above,NULL,NULL,NULL,NOTA,468,13,,,,,,,,
U05,NCT OF Delhi,2,2015,NORTH                         ,17,WAZIRPUR,GEN,H.D. ANSARI,M,GEN,45,IND,231,16,,,,,,,,
U05,NCT OF Delhi,2,2015,NORTH                         ,17,WAZIRPUR,GEN,AJAY KUMAR SINGH,M,GEN,39,CPI(ML)(L),183,18,,,,,,,,
U05,NCT OF Delhi,2,2015,NORTH                         ,17,WAZIRPUR,GEN,SUNIL KUMAR,M,SC,44,ASSP,70,23,,,,,,,,
U05,NCT OF Delhi,2,2015,NORTH                         ,17,WAZIRPUR,GEN,MUNSHI LAL PARJAPATI,M,GEN,43,LPSP,62,24,,,,,,,,
U05,NCT OF Delhi,2,2015,NORTH                         ,17,WAZIRPUR,GEN,INDARJEET YADAV,M,GEN,65,SASAPT,53,25,,,,,,,,
U05,NCT OF Delhi,2,2015,NORTH                         ,17,WAZIRPUR,GEN,RAMESH CHANDRA,M,GEN,63,PSPARTY,43,26,,,,,,,,
U05,NCT OF Delhi,2,2015,NORTH                         ,18,MODEL TOWN,GEN,AKHILESH PATI TRIPATHI,M,GEN,30,AAAP,54628,1,,,,,,,,
U05,NCT OF Delhi,2,2015,NORTH                         ,18,MODEL TOWN,GEN,VIVEK  GARG,M,GEN,44,BJP,37922,3,,,,,,,,
U05,NCT OF Delhi,2,2015,NORTH                         ,18,MODEL TOWN,GEN,KANWAR KARAN SINGH,M,GEN,58,INC,8992,6,,,,,,,,
U05,NCT OF Delhi,2,2015,NORTH                         ,18,MODEL TOWN,GEN,GAUTAM,M,GEN,31,IND,1176,8,,,,,,,,
U05,NCT OF Delhi,2,2015,NORTH                         ,18,MODEL TOWN,GEN,None of the Above,NULL,NULL,NULL,NOTA,690,10,,,,,,,,
U05,NCT OF Delhi,2,2015,NORTH                         ,18,MODEL TOWN,GEN,JEETENDER,M,SC,40,BSP,601,11,,,,,,,,
U05,NCT OF Delhi,2,2015,NORTH                         ,18,MODEL TOWN,GEN,VINOD K. JAIN,M,GEN,61,IND,146,16,,,,,,,,
U05,NCT OF Delhi,2,2015,NORTH                         ,18,MODEL TOWN,GEN,SACHIN JHA,M,GEN,26,IND,129,17,,,,,,,,
U05,NCT OF Delhi,2,2015,CENTRAL                       ,19,SADAR BAZAR,GEN,SOM DUTT,M,GEN,39,AAAP,67507,1,,,,,,,,
U05,NCT OF Delhi,2,2015,CENTRAL                       ,19,SADAR BAZAR,GEN,PARVEEN KUMAR JAIN,M,GEN,58,BJP,33192,4,,,,,,,,
U05,NCT OF Delhi,2,2015,CENTRAL                       ,19,SADAR BAZAR,GEN,AJAY MAKAN,M,GEN,51,INC,16331,6,,,,,,,,
U05,NCT OF Delhi,2,2015,CENTRAL                       ,19,SADAR BAZAR,GEN,MIRZA ALI RAZA,M,GEN,35,BSP,748,10,,,,,,,,
U05,NCT OF Delhi,2,2015,CENTRAL                       ,19,SADAR BAZAR,GEN,None of the Above,NULL,NULL,NULL,NOTA,412,12,,,,,,,,
U05,NCT OF Delhi,2,2015,CENTRAL                       ,19,SADAR BAZAR,GEN,MAN MOHAN,M,GEN,53,SHS,257,14,,,,,,,,
U05,NCT OF Delhi,2,2015,CENTRAL                       ,19,SADAR BAZAR,GEN,GHANSHYAM DASS,M,SC,58,IND,189,16,,,,,,,,
U05,NCT OF Delhi,2,2015,CENTRAL                       ,19,SADAR BAZAR,GEN,PRASHANT YADAV,M,GEN,43,IND,172,17,,,,,,,,
U05,NCT OF Delhi,2,2015,CENTRAL                       ,19,SADAR BAZAR,GEN,RITU KAUSHIK,F,GEN,34,SUCI,130,21,,,,,,,,
U05,NCT OF Delhi,2,2015,CENTRAL                       ,19,SADAR BAZAR,GEN,AJAY,M,GEN,51,IND,119,22,,,,,,,,
U05,NCT OF Delhi,2,2015,CENTRAL                       ,19,SADAR BAZAR,GEN,MOHD FURQAN,M,GEN,54,HCP,81,24,,,,,,,,
U05,NCT OF Delhi,2,2015,CENTRAL                       ,19,SADAR BAZAR,GEN,DAL CHAND,M,SC,53,IND,56,26,,,,,,,,
U05,NCT OF Delhi,2,2015,CENTRAL                       ,19,SADAR BAZAR,GEN,VED PARKASH,M,SC,44,ASSP,44,28,,,,,,,,
U05,NCT OF Delhi,2,2015,CENTRAL                       ,19,SADAR BAZAR,GEN,MAHENDER PRATAP SINGH SIKARWAR,M,GEN,38,RPI(A),38,29,,,,,,,,
U05,NCT OF Delhi,2,2015,CENTRAL                       ,20,CHANDNI CHOWK,GEN,ALKA  LAMBA,F,GEN,39,AAAP,36756,1,,,,,,,,
U05,NCT OF Delhi,2,2015,CENTRAL                       ,20,CHANDNI CHOWK,GEN,SUMAN KUMAR GUPTA,M,GEN,58,BJP,18469,3,,,,,,,,
U05,NCT OF Delhi,2,2015,CENTRAL                       ,20,CHANDNI CHOWK,GEN,PARLAD SINGH SAWHNEY,M,GEN,64,INC,17930,5,,,,,,,,
U05,NCT OF Delhi,2,2015,CENTRAL                       ,20,CHANDNI CHOWK,GEN,None of the Above,NULL,NULL,NULL,NOTA,362,11,,,,,,,,
U05,NCT OF Delhi,2,2015,CENTRAL                       ,20,CHANDNI CHOWK,GEN,MOHD. REHAN,M,GEN,34,BSP,217,12,,,,,,,,
U05,NCT OF Delhi,2,2015,CENTRAL                       ,20,CHANDNI CHOWK,GEN,MOHD. NASEEM,M,GEN,52,NCP,212,13,,,,,,,,
U05,NCT OF Delhi,2,2015,CENTRAL                       ,20,CHANDNI CHOWK,GEN,ASHOK KUMAR,M,GEN,44,ABHM,117,14,,,,,,,,
U05,NCT OF Delhi,2,2015,CENTRAL                       ,20,CHANDNI CHOWK,GEN,TARUN,M,GEN,27,IND,111,15,,,,,,,,
U05,NCT OF Delhi,2,2015,CENTRAL                       ,20,CHANDNI CHOWK,GEN,LAKHAN SINGH,M,SC,45,IND,86,18,,,,,,,,
U05,NCT OF Delhi,2,2015,CENTRAL                       ,20,CHANDNI CHOWK,GEN,ADIL MIRZA,M,GEN,40,IUML,63,22,,,,,,,,
U05,NCT OF Delhi,2,2015,CENTRAL                       ,20,CHANDNI CHOWK,GEN,SANDEEP SHARMA,M,GEN,45,IND,57,25,,,,,,,,
U05,NCT OF Delhi,2,2015,CENTRAL                       ,20,CHANDNI CHOWK,GEN,BALRAM BARI,M,GEN,47,IND,48,26,,,,,,,,
U05,NCT OF Delhi,2,2015,CENTRAL                       ,20,CHANDNI CHOWK,GEN,PARMEET SINGH,M,GEN,35,IND,25,27,,,,,,,,
U05,NCT OF Delhi,2,2015,CENTRAL                       ,20,CHANDNI CHOWK,GEN,ANIL ANAND,M,GEN,69,IND,23,29,,,,,,,,
U05,NCT OF Delhi,2,2015,CENTRAL                       ,21,MATIA MAHAL,GEN,ASIM AHMED KHAN,M,GEN,38,AAAP,47584,1,,,,,,,,
U05,NCT OF Delhi,2,2015,CENTRAL                       ,21,MATIA MAHAL,GEN,SHOAIB IQBAL,M,GEN,56,INC,21488,3,,,,,,,,
U05,NCT OF Delhi,2,2015,CENTRAL                       ,21,MATIA MAHAL,GEN,SHAKEEL ANJUM DEHLVI,M,GEN,54,BJP,9105,6,,,,,,,,
U05,NCT OF Delhi,2,2015,CENTRAL                       ,21,MATIA MAHAL,GEN,MOHD SAMI,M,GEN,41,IND,430,10,,,,,,,,
U05,NCT OF Delhi,2,2015,CENTRAL                       ,21,MATIA MAHAL,GEN,RAVI ANAND,M,SC,39,BSP,396,11,,,,,,,,
U05,NCT OF Delhi,2,2015,CENTRAL                       ,21,MATIA MAHAL,GEN,UMAR FAROOQ,M,GEN,28,IND,215,15,,,,,,,,
U05,NCT OF Delhi,2,2015,CENTRAL                       ,21,MATIA MAHAL,GEN,None of the Above,NULL,NULL,NULL,NOTA,203,16,,,,,,,,
U05,NCT OF Delhi,2,2015,CENTRAL                       ,21,MATIA MAHAL,GEN,SHAFI DEHLVI,M,GEN,63,BMUP,164,17,,,,,,,,
U05,NCT OF Delhi,2,2015,CENTRAL                       ,21,MATIA MAHAL,GEN,SHOAIB AHMED,M,GEN,39,IND,161,18,,,,,,,,
U05,NCT OF Delhi,2,2015,CENTRAL                       ,21,MATIA MAHAL,GEN,IMRAN HUSAIN,M,GEN,40,IUML,131,20,,,,,,,,
U05,NCT OF Delhi,2,2015,CENTRAL                       ,21,MATIA MAHAL,GEN,SHAHZAMAN,M,GEN,28,IND,122,21,,,,,,,,
U05,NCT OF Delhi,2,2015,CENTRAL                       ,21,MATIA MAHAL,GEN,MOHAMMAD AHMED SAIFI,M,GEN,54,IND,91,25,,,,,,,,
U05,NCT OF Delhi,2,2015,CENTRAL                       ,21,MATIA MAHAL,GEN,MEHFUZ KHAN,M,GEN,30,JKNPP,90,26,,,,,,,,
U05,NCT OF Delhi,2,2015,CENTRAL                       ,21,MATIA MAHAL,GEN,C.P. SUNIL,M,SC,41,GaRPa,45,32,,,,,,,,
U05,NCT OF Delhi,2,2015,CENTRAL                       ,21,MATIA MAHAL,GEN,SHUEB AHMED KHAN,M,GEN,27,IND,43,33,,,,,,,,
U05,NCT OF Delhi,2,2015,CENTRAL                       ,21,MATIA MAHAL,GEN,PREM NATH,M,SC,52,IND,29,36,,,,,,,,
U05,NCT OF Delhi,2,2015,CENTRAL                       ,21,MATIA MAHAL,GEN,MOAZAM KHAN,M,GEN,32,HCP,19,37,,,,,,,,
U05,NCT OF Delhi,2,2015,CENTRAL                       ,21,MATIA MAHAL,GEN,TARIQ MIRZA,M,GEN,30,RPI(A),19,38,,,,,,,,
U05,NCT OF Delhi,2,2015,CENTRAL                       ,22,BALLIMARAN,GEN,IMRAN HUSSAIN,M,GEN,33,AAAP,57118,1,,,,,,,,
U05,NCT OF Delhi,2,2015,CENTRAL                       ,22,BALLIMARAN,GEN,SHAYAM LAL MORWAL,M,SC,59,BJP,23241,4,,,,,,,,
U05,NCT OF Delhi,2,2015,CENTRAL                       ,22,BALLIMARAN,GEN,HAROON YUSUF,M,GEN,56,INC,13205,6,,,,,,,,
U05,NCT OF Delhi,2,2015,CENTRAL                       ,22,BALLIMARAN,GEN,ABDUL JABBAR,M,GEN,58,CPI,644,9,,,,,,,,
U05,NCT OF Delhi,2,2015,CENTRAL                       ,22,BALLIMARAN,GEN,DILIP KUMAR,M,SC,48,BSP,438,11,,,,,,,,
U05,NCT OF Delhi,2,2015,CENTRAL                       ,22,BALLIMARAN,GEN,None of the Above,NULL,NULL,NULL,NOTA,304,13,,,,,,,,
U05,NCT OF Delhi,2,2015,CENTRAL                       ,22,BALLIMARAN,GEN,DAULAT RAM,M,GEN,69,IND,142,17,,,,,,,,
U05,NCT OF Delhi,2,2015,CENTRAL                       ,22,BALLIMARAN,GEN,MD.DANISH,M,GEN,32,RPI(A),130,19,,,,,,,,
U05,NCT OF Delhi,2,2015,CENTRAL                       ,22,BALLIMARAN,GEN,MANISH KUMAR,M,GEN,36,NACP,120,21,,,,,,,,
U05,NCT OF Delhi,2,2015,CENTRAL                       ,22,BALLIMARAN,GEN,KRISHAN KUMAR,M,GEN,44,IND,107,22,,,,,,,,
U05,NCT OF Delhi,2,2015,CENTRAL                       ,22,BALLIMARAN,GEN,AARIF NABI,M,GEN,31,IND,91,25,,,,,,,,
U05,NCT OF Delhi,2,2015,CENTRAL                       ,22,BALLIMARAN,GEN,RAJESH KUMAR,M,GEN,52,BMUP,61,28,,,,,,,,
U05,NCT OF Delhi,2,2015,CENTRAL                       ,22,BALLIMARAN,GEN,PREM,M,SC,44,bjdi,55,29,,,,,,,,
U05,NCT OF Delhi,2,2015,CENTRAL                       ,23,KAROL BAGH,SC,VISHESH RAVI,M,SC,31,AAAP,67429,1,,,,,,,,
U05,NCT OF Delhi,2,2015,CENTRAL                       ,23,KAROL BAGH,SC,YOGENDER CHANDOLIYA,M,SC,52,BJP,34549,3,,,,,,,,
U05,NCT OF Delhi,2,2015,CENTRAL                       ,23,KAROL BAGH,SC,MADAN KHORWAL,M,SC,59,INC,9144,6,,,,,,,,
U05,NCT OF Delhi,2,2015,CENTRAL                       ,23,KAROL BAGH,SC,YOGESH,M,SC,35,BSP,559,9,,,,,,,,
U05,NCT OF Delhi,2,2015,CENTRAL                       ,23,KAROL BAGH,SC,None of the Above,NULL,NULL,NULL,NOTA,411,11,,,,,,,,
U05,NCT OF Delhi,2,2015,CENTRAL                       ,23,KAROL BAGH,SC,AMIT,M,SC,35,ABHM,182,12,,,,,,,,
U05,NCT OF Delhi,2,2015,CENTRAL                       ,23,KAROL BAGH,SC,PARDEEP KUMAR JATAV,M,SC,40,IND,175,13,,,,,,,,
U05,NCT OF Delhi,2,2015,CENTRAL                       ,23,KAROL BAGH,SC,SANJAY KUMAR AKARNIA,M,SC,40,IND,99,17,,,,,,,,
U05,NCT OF Delhi,2,2015,CENTRAL                       ,23,KAROL BAGH,SC,RANJAN KHATUMARIA,M,SC,36,IND,77,18,,,,,,,,
U05,NCT OF Delhi,2,2015,CENTRAL                       ,23,KAROL BAGH,SC,DEEPAK KUMAR,M,SC,32,IND,54,20,,,,,,,,
U05,NCT OF Delhi,2,2015,CENTRAL                       ,23,KAROL BAGH,SC,KISHORE KUMAR,M,SC,54,SHS,48,21,,,,,,,,
U05,NCT OF Delhi,2,2015,CENTRAL                       ,23,KAROL BAGH,SC,DHAN RAJ CHAUHAN,M,SC,54,NADP,24,22,,,,,,,,
U05,NCT OF Delhi,2,2015,CENTRAL                       ,24,PATEL NAGAR,SC,HAZARI LAL CHAUHAN,M,SC,66,AAAP,68868,1,,,,,,,,
U05,NCT OF Delhi,2,2015,CENTRAL                       ,24,PATEL NAGAR,SC,KRISHNA TIRATH,F,SC,59,BJP,34230,3,,,,,,,,
U05,NCT OF Delhi,2,2015,CENTRAL                       ,24,PATEL NAGAR,SC,RAJESH LILOTHIA,M,SC,49,INC,10766,6,,,,,,,,
U05,NCT OF Delhi,2,2015,CENTRAL                       ,24,PATEL NAGAR,SC,VEENA ANAND,F,SC,48,IND,1051,8,,,,,,,,
U05,NCT OF Delhi,2,2015,CENTRAL                       ,24,PATEL NAGAR,SC,ALOK NANDAN,M,SC,28,BSP,772,10,,,,,,,,
U05,NCT OF Delhi,2,2015,CENTRAL                       ,24,PATEL NAGAR,SC,None of the Above,NULL,NULL,NULL,NOTA,469,11,,,,,,,,
U05,NCT OF Delhi,2,2015,CENTRAL                       ,24,PATEL NAGAR,SC,SURESH KUMAR,M,SC,37,IND,464,12,,,,,,,,
U05,NCT OF Delhi,2,2015,CENTRAL                       ,25,MOTI NAGAR,GEN,SHIV CHARAN GOEL,M,GEN,53,AAAP,60223,1,,,,,,,,
U05,NCT OF Delhi,2,2015,CENTRAL                       ,25,MOTI NAGAR,GEN,SUBHASH SACHDEVA,M,GEN,59,BJP,45002,2,,,,,,,,
U05,NCT OF Delhi,2,2015,CENTRAL                       ,25,MOTI NAGAR,GEN,RAJ KUMAR MAGGO,M,GEN,47,INC,6111,6,,,,,,,,
U05,NCT OF Delhi,2,2015,CENTRAL                       ,25,MOTI NAGAR,GEN,AVINASH GUPTA,M,GEN,40,BSP,666,9,,,,,,,,
U05,NCT OF Delhi,2,2015,CENTRAL                       ,25,MOTI NAGAR,GEN,SANJEEV DIWAN,M,GEN,43,IND,566,11,,,,,,,,
U05,NCT OF Delhi,2,2015,CENTRAL                       ,25,MOTI NAGAR,GEN,None of the Above,NULL,NULL,NULL,NOTA,471,12,,,,,,,,
U05,NCT OF Delhi,2,2015,CENTRAL                       ,25,MOTI NAGAR,GEN,SANJEEV GUPTA,M,GEN,44,IND,321,14,,,,,,,,
U05,NCT OF Delhi,2,2015,WEST                          ,26,MADIPUR,SC,GIRISH SONI,M,SC,51,AAAP,66571,1,,,,,,,,
U05,NCT OF Delhi,2,2015,WEST                          ,26,MADIPUR,SC,RAJ KUMAR,M,SC,46,BJP,37184,2,,,,,,,,
U05,NCT OF Delhi,2,2015,WEST                          ,26,MADIPUR,SC,MALA RAM GANGWAL,M,SC,65,INC,10350,6,,,,,,,,
U05,NCT OF Delhi,2,2015,WEST                          ,26,MADIPUR,SC,None of the Above,NULL,NULL,NULL,NOTA,601,9,,,,,,,,
U05,NCT OF Delhi,2,2015,WEST                          ,26,MADIPUR,SC,LALA RAM,M,SC,40,BSP,600,10,,,,,,,,
U05,NCT OF Delhi,2,2015,WEST                          ,26,MADIPUR,SC,JITENDER KUMAR,M,SC,34,PMPT,512,11,,,,,,,,
U05,NCT OF Delhi,2,2015,WEST                          ,26,MADIPUR,SC,PURAN CHAND,M,SC,35,IND,477,12,,,,,,,,
U05,NCT OF Delhi,2,2015,WEST                          ,27,RAJOURI GARDEN,GEN,JARNAIL SINGH,M,GEN,41,AAAP,54916,1,,,,,,,,
U05,NCT OF Delhi,2,2015,WEST                          ,27,RAJOURI GARDEN,GEN,MANJINDER SINGH SIRSA,M,GEN,43,SAD,44880,2,,,,,,,,
U05,NCT OF Delhi,2,2015,WEST                          ,27,RAJOURI GARDEN,GEN,A MEENAKSHI CHANDELA A,F,GEN,30,INC,14167,6,,,,,,,,
U05,NCT OF Delhi,2,2015,WEST                          ,27,RAJOURI GARDEN,GEN,GURBAKSH SINGH,M,GEN,44,SHS,1706,9,,,,,,,,
U05,NCT OF Delhi,2,2015,WEST                          ,27,RAJOURI GARDEN,GEN,None of the Above,NULL,NULL,NULL,NOTA,649,12,,,,,,,,
U05,NCT OF Delhi,2,2015,WEST                          ,27,RAJOURI GARDEN,GEN,MOIN KHAN,M,GEN,39,BSP,384,14,,,,,,,,
U05,NCT OF Delhi,2,2015,WEST                          ,27,RAJOURI GARDEN,GEN,JARNAIL SINGH S/O AJIT SINGH,M,GEN,57,IND,382,15,,,,,,,,
U05,NCT OF Delhi,2,2015,WEST                          ,27,RAJOURI GARDEN,GEN,JARNAIL SINGH S/O SOHAN SINGH,M,GEN,60,IND,280,18,,,,,,,,
U05,NCT OF Delhi,2,2015,WEST                          ,27,RAJOURI GARDEN,GEN,SUMIT,M,GEN,30,IND,240,19,,,,,,,,
U05,NCT OF Delhi,2,2015,WEST                          ,27,RAJOURI GARDEN,GEN,SUMAN CHANDILA,F,GEN,39,IND,101,23,,,,,,,,
U05,NCT OF Delhi,2,2015,WEST                          ,27,RAJOURI GARDEN,GEN,LOKESH,M,GEN,31,IND,88,24,,,,,,,,
U05,NCT OF Delhi,2,2015,WEST                          ,27,RAJOURI GARDEN,GEN,LIVIS CHANDELA,M,GEN,30,IND,74,25,,,,,,,,
U05,NCT OF Delhi,2,2015,WEST                          ,27,RAJOURI GARDEN,GEN,PRAVEEN KUMAR,M,GEN,44,IND,39,26,,,,,,,,
U05,NCT OF Delhi,2,2015,WEST                          ,27,RAJOURI GARDEN,GEN,JASVINDRA SINGH,M,GEN,48,IND,36,27,,,,,,,,
U05,NCT OF Delhi,2,2015,WEST                          ,27,RAJOURI GARDEN,GEN,BHAGAT SINGH,M,GEN,31,IND,29,28,,,,,,,,
U05,NCT OF Delhi,2,2015,WEST                          ,28,HARI NAGAR,GEN,JAGDEEP SINGH,M,GEN,44,AAAP,65398,1,,,,,,,,
U05,NCT OF Delhi,2,2015,WEST                          ,28,HARI NAGAR,GEN,AVTAR SINGH HIT,M,GEN,69,BJP,38954,2,,,,,,,,
U05,NCT OF Delhi,2,2015,WEST                          ,28,HARI NAGAR,GEN,CHANDER PARKASH,M,GEN,53,INC,6152,6,,,,,,,,
U05,NCT OF Delhi,2,2015,WEST                          ,28,HARI NAGAR,GEN,None of the Above,NULL,NULL,NULL,NOTA,572,10,,,,,,,,
U05,NCT OF Delhi,2,2015,WEST                          ,28,HARI NAGAR,GEN,JAI PRAKASH MANAV,M,GEN,56,BSP,555,11,,,,,,,,
U05,NCT OF Delhi,2,2015,WEST                          ,28,HARI NAGAR,GEN,BALJEET KAUR,F,GEN,41,SHS,150,14,,,,,,,,
U05,NCT OF Delhi,2,2015,WEST                          ,29,TILAK NAGAR,GEN,JARNAIL SINGH,M,GEN,33,AAAP,57180,1,,,,,,,,
U05,NCT OF Delhi,2,2015,WEST                          ,29,TILAK NAGAR,GEN,RAJIV BABBAR,M,GEN,45,BJP,37290,2,,,,,,,,
U05,NCT OF Delhi,2,2015,WEST                          ,29,TILAK NAGAR,GEN,DULI CHAND LOHIA,M,GEN,54,INC,7303,6,,,,,,,,
U05,NCT OF Delhi,2,2015,WEST                          ,29,TILAK NAGAR,GEN,JARNAIL SINGH,M,GEN,42,IND,570,8,,,,,,,,
U05,NCT OF Delhi,2,2015,WEST                          ,29,TILAK NAGAR,GEN,None of the Above,NULL,NULL,NULL,NOTA,464,9,,,,,,,,
U05,NCT OF Delhi,2,2015,WEST                          ,29,TILAK NAGAR,GEN,RAJIV BABBAR,M,GEN,26,RABP,253,12,,,,,,,,
U05,NCT OF Delhi,2,2015,WEST                          ,29,TILAK NAGAR,GEN,VIJAY BAHADUR,M,GEN,61,BSP,250,13,,,,,,,,
U05,NCT OF Delhi,2,2015,WEST                          ,29,TILAK NAGAR,GEN,PRADEEP KUMAR LOHIA,M,GEN,31,IND,238,14,,,,,,,,
U05,NCT OF Delhi,2,2015,WEST                          ,29,TILAK NAGAR,GEN,VISHAL SHARMA,M,GEN,39,IND,80,18,,,,,,,,
U05,NCT OF Delhi,2,2015,WEST                          ,29,TILAK NAGAR,GEN,CHATTAR SINGH,M,GEN,40,SHS,68,21,,,,,,,,
U05,NCT OF Delhi,2,2015,WEST                          ,29,TILAK NAGAR,GEN,DULI CHAND,M,GEN,60,IND,48,22,,,,,,,,
U05,NCT OF Delhi,2,2015,WEST                          ,29,TILAK NAGAR,GEN,BABU SINGH DUKHIYA,M,SC,58,HCP,37,23,,,,,,,,
U05,NCT OF Delhi,2,2015,WEST                          ,30,JANAKPURI,GEN,RAJESH RISHI,M,GEN,50,AAAP,71802,1,,,,,,,,
U05,NCT OF Delhi,2,2015,WEST                          ,30,JANAKPURI,GEN,PROF. JAGDISH MUKHI,M,GEN,72,BJP,46222,2,,,,,,,,
U05,NCT OF Delhi,2,2015,WEST                          ,30,JANAKPURI,GEN,SURESH KUMAR,M,GEN,46,INC,4699,6,,,,,,,,
U05,NCT OF Delhi,2,2015,WEST                          ,30,JANAKPURI,GEN,None of the Above,NULL,NULL,NULL,NOTA,483,10,,,,,,,,
U05,NCT OF Delhi,2,2015,WEST                          ,30,JANAKPURI,GEN,HARI PRAKASH SINGH,M,GEN,45,BSP,471,11,,,,,,,,
U05,NCT OF Delhi,2,2015,WEST                          ,30,JANAKPURI,GEN,RAVINDRA NATH TIWARI,M,GEN,34,IND,223,14,,,,,,,,
U05,NCT OF Delhi,2,2015,WEST                          ,30,JANAKPURI,GEN,ANIL GUPTA,M,GEN,49,IND,214,15,,,,,,,,
U05,NCT OF Delhi,2,2015,WEST                          ,30,JANAKPURI,GEN,RAJENDER SHARMA,M,GEN,58,HCP,162,16,,,,,,,,
U05,NCT OF Delhi,2,2015,WEST                          ,30,JANAKPURI,GEN,CHARANJIT SINGH SODHI,M,GEN,41,IND,63,21,,,,,,,,
U05,NCT OF Delhi,2,2015,WEST                          ,30,JANAKPURI,GEN,PARAMJIT SINGH SAINI,M,GEN,58,SHS,49,22,,,,,,,,
U05,NCT OF Delhi,2,2015,WEST                          ,31,VIKASPURI,GEN,MAHINDER YADAV,M,GEN,51,AAAP,132437,1,,,,,,,,
U05,NCT OF Delhi,2,2015,WEST                          ,31,VIKASPURI,GEN,SANJAY SINGH,M,GEN,40,BJP,54772,4,,,,,,,,
U05,NCT OF Delhi,2,2015,WEST                          ,31,VIKASPURI,GEN,NAND KISHORE,M,GEN,44,INC,19540,6,,,,,,,,
U05,NCT OF Delhi,2,2015,WEST                          ,31,VIKASPURI,GEN,RADHEY SHYAM,M,GEN,61,BSP,2139,8,,,,,,,,
U05,NCT OF Delhi,2,2015,WEST                          ,31,VIKASPURI,GEN,BHARTI SETH,F,GEN,51,IND,1106,12,,,,,,,,
U05,NCT OF Delhi,2,2015,WEST                          ,31,VIKASPURI,GEN,None of the Above,NULL,NULL,NULL,NOTA,790,13,,,,,,,,
U05,NCT OF Delhi,2,2015,WEST                          ,31,VIKASPURI,GEN,MOHD. NAEEM,M,GEN,64,NCP,291,17,,,,,,,,
U05,NCT OF Delhi,2,2015,WEST                          ,31,VIKASPURI,GEN,SUSHILA DAVI,F,GEN,38,IND,283,18,,,,,,,,
U05,NCT OF Delhi,2,2015,WEST                          ,31,VIKASPURI,GEN,ANSHU KUMAR,M,GEN,29,GaAP,252,19,,,,,,,,
U05,NCT OF Delhi,2,2015,WEST                          ,31,VIKASPURI,GEN,MONCHI,F,SC,29,AMKP,192,21,,,,,,,,
U05,NCT OF Delhi,2,2015,SOUTH WEST                    ,32,UTTAM NAGAR,GEN,NARESH BALYAN,M,GEN,38,AAAP,85881,1,,,,,,,,
U05,NCT OF Delhi,2,2015,SOUTH WEST                    ,32,UTTAM NAGAR,GEN,PAWAN SHARMA,M,GEN,55,BJP,55462,2,,,,,,,,
U05,NCT OF Delhi,2,2015,SOUTH WEST                    ,32,UTTAM NAGAR,GEN,MUKESH SHARMA,M,GEN,50,INC,20703,6,,,,,,,,
U05,NCT OF Delhi,2,2015,SOUTH WEST                    ,32,UTTAM NAGAR,GEN,ABDUL HAMID BARSHID,M,GEN,60,BSP,884,10,,,,,,,,
U05,NCT OF Delhi,2,2015,SOUTH WEST                    ,32,UTTAM NAGAR,GEN,None of the Above,NULL,NULL,NULL,NOTA,672,11,,,,,,,,
U05,NCT OF Delhi,2,2015,SOUTH WEST                    ,32,UTTAM NAGAR,GEN,B. K. JHA,M,GEN,54,IND,332,12,,,,,,,,
U05,NCT OF Delhi,2,2015,SOUTH WEST                    ,32,UTTAM NAGAR,GEN,NARENDER KUMAR,M,GEN,56,IND,295,13,,,,,,,,
U05,NCT OF Delhi,2,2015,SOUTH WEST                    ,32,UTTAM NAGAR,GEN,JAGPAL SINGHAL,M,GEN,47,kajp,259,15,,,,,,,,
U05,NCT OF Delhi,2,2015,SOUTH WEST                    ,32,UTTAM NAGAR,GEN,NARESH KUMAR,M,GEN,39,IND,228,17,,,,,,,,
U05,NCT OF Delhi,2,2015,SOUTH WEST                    ,32,UTTAM NAGAR,GEN,SACHIN KAPOOR,M,GEN,38,IND,226,18,,,,,,,,
U05,NCT OF Delhi,2,2015,SOUTH WEST                    ,32,UTTAM NAGAR,GEN,FAQIR CHAND VERMA,M,GEN,67,IND,142,21,,,,,,,,
U05,NCT OF Delhi,2,2015,SOUTH WEST                    ,32,UTTAM NAGAR,GEN,SHYAM BHARTEEY,M,GEN,45,GaAP,96,23,,,,,,,,
U05,NCT OF Delhi,2,2015,SOUTH WEST                    ,33,DWARKA,GEN,ADARSH SHASTRI,M,GEN,41,AAAP,79729,1,,,,,,,,
U05,NCT OF Delhi,2,2015,SOUTH WEST                    ,33,DWARKA,GEN,PARDUYMN RAJPUT,M,GEN,51,BJP,40363,3,,,,,,,,
U05,NCT OF Delhi,2,2015,SOUTH WEST                    ,33,DWARKA,GEN,MAHABAL MISHRA,M,GEN,61,INC,12532,6,,,,,,,,
U05,NCT OF Delhi,2,2015,SOUTH WEST                    ,33,DWARKA,GEN,AMIT CHAUHAN,M,GEN,30,BSP,608,12,,,,,,,,
U05,NCT OF Delhi,2,2015,SOUTH WEST                    ,33,DWARKA,GEN,None of the Above,NULL,NULL,NULL,NOTA,332,13,,,,,,,,
U05,NCT OF Delhi,2,2015,SOUTH WEST                    ,33,DWARKA,GEN,PREMCHAND,M,GEN,55,CPM,264,14,,,,,,,,
U05,NCT OF Delhi,2,2015,SOUTH WEST                    ,33,DWARKA,GEN,VIVEK KUMAR PANDEY,M,GEN,25,IND,242,15,,,,,,,,
U05,NCT OF Delhi,2,2015,SOUTH WEST                    ,33,DWARKA,GEN,SUSHIL BHAGAT,M,GEN,25,NYP,219,17,,,,,,,,
U05,NCT OF Delhi,2,2015,SOUTH WEST                    ,33,DWARKA,GEN,AJAY KUMAR,M,GEN,41,BVLP,178,18,,,,,,,,
U05,NCT OF Delhi,2,2015,SOUTH WEST                    ,33,DWARKA,GEN,RAVI SINGH,M,GEN,36,IND,128,20,,,,,,,,
U05,NCT OF Delhi,2,2015,SOUTH WEST                    ,33,DWARKA,GEN,SURENDER KUMAR,M,SC,42,RKSP,94,21,,,,,,,,
U05,NCT OF Delhi,2,2015,SOUTH WEST                    ,33,DWARKA,GEN,ADARSH KUMAR,M,GEN,28,IND,82,23,,,,,,,,
U05,NCT OF Delhi,2,2015,SOUTH WEST                    ,33,DWARKA,GEN,GAUTAM KUMAR,M,GEN,26,IND,77,24,,,,,,,,
U05,NCT OF Delhi,2,2015,SOUTH WEST                    ,33,DWARKA,GEN,MUKESH KUMAR TANWAR,M,GEN,46,IND,55,25,,,,,,,,
U05,NCT OF Delhi,2,2015,SOUTH WEST                    ,33,DWARKA,GEN,KAMLESHWARI MISTRI,M,GEN,70,PBI,49,26,,,,,,,,
U05,NCT OF Delhi,2,2015,SOUTH WEST                    ,34,MATIALA,GEN,GULAB SINGH,M,GEN,36,AAAP,127665,1,,,,,,,,
U05,NCT OF Delhi,2,2015,SOUTH WEST                    ,34,MATIALA,GEN,RAJESH GAHLOT,M,GEN,50,BJP,80661,2,,,,,,,,
U05,NCT OF Delhi,2,2015,SOUTH WEST                    ,34,MATIALA,GEN,SUMESH SHOKEEN,M,GEN,41,INC,20284,6,,,,,,,,
U05,NCT OF Delhi,2,2015,SOUTH WEST                    ,34,MATIALA,GEN,None of the Above,NULL,NULL,NULL,NOTA,1102,9,,,,,,,,
U05,NCT OF Delhi,2,2015,SOUTH WEST                    ,34,MATIALA,GEN,SURESH KUMAR PATEL,M,GEN,39,RBHP,728,11,,,,,,,,
U05,NCT OF Delhi,2,2015,SOUTH WEST                    ,34,MATIALA,GEN,SANJAY KUMAR,M,GEN,39,BSP,723,12,,,,,,,,
U05,NCT OF Delhi,2,2015,SOUTH WEST                    ,34,MATIALA,GEN,GULAB SINGH,M,GEN,65,IND,376,17,,,,,,,,
U05,NCT OF Delhi,2,2015,SOUTH WEST                    ,34,MATIALA,GEN,RAM BILAS MISHRA,M,GEN,44,IND,221,20,,,,,,,,
U05,NCT OF Delhi,2,2015,SOUTH WEST                    ,34,MATIALA,GEN,SHRIPAL,M,SC,38,IND,188,22,,,,,,,,
U05,NCT OF Delhi,2,2015,SOUTH WEST                    ,34,MATIALA,GEN,VIRENDRA KUMAR RAI,M,GEN,60,RJ,155,23,,,,,,,,
U05,NCT OF Delhi,2,2015,SOUTH WEST                    ,34,MATIALA,GEN,RENU PODDAR,F,GEN,42,PBI,127,26,,,,,,,,
U05,NCT OF Delhi,2,2015,SOUTH WEST                    ,34,MATIALA,GEN,RAJESH KUMAR GAHLOT,M,GEN,38,IND,125,27,,,,,,,,
U05,NCT OF Delhi,2,2015,SOUTH WEST                    ,34,MATIALA,GEN,RAM CHARAN SAHANI,M,GEN,25,ShRP,71,33,,,,,,,,
U05,NCT OF Delhi,2,2015,SOUTH WEST                    ,34,MATIALA,GEN,RAJESH,M,GEN,30,IND,55,34,,,,,,,,
U05,NCT OF Delhi,2,2015,SOUTH WEST                    ,35,NAJAFGARH,GEN,KAILASH GAHLOT,M,GEN,40,AAAP,55598,1,,,,,,,,
U05,NCT OF Delhi,2,2015,SOUTH WEST                    ,35,NAJAFGARH,GEN,BHARAT SINGH,M,GEN,36,INLD,54043,3,,,,,,,,
U05,NCT OF Delhi,2,2015,SOUTH WEST                    ,35,NAJAFGARH,GEN,AJEET SINGH KHARKHARI,M,GEN,59,BJP,39462,5,,,,,,,,
U05,NCT OF Delhi,2,2015,SOUTH WEST                    ,35,NAJAFGARH,GEN,JAI KISHAN SHARMA,M,GEN,63,INC,8180,8,,,,,,,,
U05,NCT OF Delhi,2,2015,SOUTH WEST                    ,35,NAJAFGARH,GEN,RAM SINGH,M,GEN,52,BSP,1108,11,,,,,,,,
U05,NCT OF Delhi,2,2015,SOUTH WEST                    ,35,NAJAFGARH,GEN,None of the Above,NULL,NULL,NULL,NOTA,535,13,,,,,,,,
U05,NCT OF Delhi,2,2015,SOUTH WEST                    ,35,NAJAFGARH,GEN,BHARAT SINGH,M,GEN,61,IND,391,15,,,,,,,,
U05,NCT OF Delhi,2,2015,SOUTH WEST                    ,35,NAJAFGARH,GEN,BAIDYANATH SAH,M,GEN,49,PBI,350,16,,,,,,,,
U05,NCT OF Delhi,2,2015,SOUTH WEST                    ,35,NAJAFGARH,GEN,INDERJEET,M,GEN,39,IND,295,18,,,,,,,,
U05,NCT OF Delhi,2,2015,SOUTH WEST                    ,35,NAJAFGARH,GEN,LALIT VASHIST,M,GEN,38,IND,259,19,,,,,,,,
U05,NCT OF Delhi,2,2015,SOUTH WEST                    ,35,NAJAFGARH,GEN,DHARAMBIR SINGH,M,GEN,49,IND,132,23,,,,,,,,
U05,NCT OF Delhi,2,2015,SOUTH WEST                    ,35,NAJAFGARH,GEN,KAILASH CHAND,M,GEN,51,IND,85,24,,,,,,,,
U05,NCT OF Delhi,2,2015,SOUTH WEST                    ,35,NAJAFGARH,GEN,AJIT SINGH,M,GEN,38,RBHP,74,25,,,,,,,,
U05,NCT OF Delhi,2,2015,SOUTH WEST                    ,35,NAJAFGARH,GEN,NEELAM,F,GEN,41,IND,70,26,,,,,,,,
U05,NCT OF Delhi,2,2015,SOUTH WEST                    ,36,BIJWASAN,GEN,COL DEVINDER SEHRAWAT,M,GEN,49,AAAP,65006,1,,,,,,,,
U05,NCT OF Delhi,2,2015,SOUTH WEST                    ,36,BIJWASAN,GEN,SAT PRAKASH RANA,M,GEN,49,BJP,45470,2,,,,,,,,
U05,NCT OF Delhi,2,2015,SOUTH WEST                    ,36,BIJWASAN,GEN,VIJAY SINGH LOCHAV,M,GEN,64,INC,5258,7,,,,,,,,
U05,NCT OF Delhi,2,2015,SOUTH WEST                    ,36,BIJWASAN,GEN,IMTIAZ,M,GEN,36,IND,926,9,,,,,,,,
U05,NCT OF Delhi,2,2015,SOUTH WEST                    ,36,BIJWASAN,GEN,YOGESH GAUR,M,GEN,62,BSP,641,11,,,,,,,,
U05,NCT OF Delhi,2,2015,SOUTH WEST                    ,36,BIJWASAN,GEN,None of the Above,NULL,NULL,NULL,NOTA,496,13,,,,,,,,
U05,NCT OF Delhi,2,2015,SOUTH WEST                    ,36,BIJWASAN,GEN,PANKAJ KUMAR,M,GEN,30,INLD,421,14,,,,,,,,
U05,NCT OF Delhi,2,2015,SOUTH WEST                    ,37,PALAM,GEN,BHAVNA GAUR,F,GEN,44,AAAP,82637,1,,,,,,,,
U05,NCT OF Delhi,2,2015,SOUTH WEST                    ,37,PALAM,GEN,DHARM DEV SOLANKI,M,GEN,63,BJP,51788,2,,,,,,,,
U05,NCT OF Delhi,2,2015,SOUTH WEST                    ,37,PALAM,GEN,MADAN MOHAN,M,SC,45,INC,10529,7,,,,,,,,
U05,NCT OF Delhi,2,2015,SOUTH WEST                    ,37,PALAM,GEN,RANBIR SINGH SOLANKI,M,GEN,50,BSP,900,11,,,,,,,,
U05,NCT OF Delhi,2,2015,SOUTH WEST                    ,37,PALAM,GEN,DALIP KUMAR,M,GEN,35,CPI,488,13,,,,,,,,
U05,NCT OF Delhi,2,2015,SOUTH WEST                    ,37,PALAM,GEN,None of the Above,NULL,NULL,NULL,NOTA,474,14,,,,,,,,
U05,NCT OF Delhi,2,2015,SOUTH WEST                    ,37,PALAM,GEN,VINOD KUMAR SACHAN,M,GEN,58,IND,460,15,,,,,,,,
U05,NCT OF Delhi,2,2015,SOUTH WEST                    ,37,PALAM,GEN,SANJAY KUMAR SINGH,M,GEN,47,IND,164,20,,,,,,,,
U05,NCT OF Delhi,2,2015,SOUTH WEST                    ,37,PALAM,GEN,KASHI NATH SAH,M,GEN,39,IND,155,21,,,,,,,,
U05,NCT OF Delhi,2,2015,SOUTH WEST                    ,37,PALAM,GEN,SHIV KUMAR SAXENA,M,GEN,30,HCP,76,22,,,,,,,,
U05,NCT OF Delhi,2,2015,SOUTH WEST                    ,38,DELHI CANTT,GEN,SURENDER SINGH,M,GEN,36,AAAP,40133,1,,,,,,,,
U05,NCT OF Delhi,2,2015,SOUTH WEST                    ,38,DELHI CANTT,GEN,KARAN SINGH TANWAR,M,GEN,62,BJP,28935,2,,,,,,,,
U05,NCT OF Delhi,2,2015,SOUTH WEST                    ,38,DELHI CANTT,GEN,SANDEEP TANWAR,M,GEN,38,INC,7087,6,,,,,,,,
U05,NCT OF Delhi,2,2015,SOUTH WEST                    ,38,DELHI CANTT,GEN,GAYAN CHAND,M,GEN,58,BSP,467,9,,,,,,,,
U05,NCT OF Delhi,2,2015,SOUTH WEST                    ,38,DELHI CANTT,GEN,None of the Above,NULL,NULL,NULL,NOTA,326,10,,,,,,,,
U05,NCT OF Delhi,2,2015,SOUTH WEST                    ,38,DELHI CANTT,GEN,ANIL KUMAR TANWAR,M,GEN,40,IND,210,11,,,,,,,,
U05,NCT OF Delhi,2,2015,SOUTH WEST                    ,38,DELHI CANTT,GEN,SANDEEP,M,GEN,36,IND,98,16,,,,,,,,
U05,NCT OF Delhi,2,2015,SOUTH WEST                    ,38,DELHI CANTT,GEN,HEERA LAL,M,SC,49,IND,93,18,,,,,,,,
U05,NCT OF Delhi,2,2015,SOUTH WEST                    ,38,DELHI CANTT,GEN,NARESH KUMAR SHARMA,M,GEN,38,HCP,45,19,,,,,,,,
U05,NCT OF Delhi,2,2015,SOUTH WEST                    ,38,DELHI CANTT,GEN,MAHESH BHARDWAJ,M,GEN,66,IND,26,22,,,,,,,,
U05,NCT OF Delhi,2,2015,SOUTH WEST                    ,38,DELHI CANTT,GEN,RAJ KUMAR SAINI,M,GEN,50,IND,24,23,,,,,,,,
U05,NCT OF Delhi,2,2015,SOUTH WEST                    ,39,RAJINDER NAGAR,GEN,VIJENDER GARG VIJAY,M,GEN,51,AAAP,61354,1,,,,,,,,
U05,NCT OF Delhi,2,2015,SOUTH WEST                    ,39,RAJINDER NAGAR,GEN,R. P. SINGH,M,GEN,53,BJP,41303,2,,,,,,,,
U05,NCT OF Delhi,2,2015,SOUTH WEST                    ,39,RAJINDER NAGAR,GEN,BRAHM YADAV,M,GEN,62,INC,8971,6,,,,,,,,
U05,NCT OF Delhi,2,2015,SOUTH WEST                    ,39,RAJINDER NAGAR,GEN,PREM SINGH,M,SC,46,BSP,1467,9,,,,,,,,
U05,NCT OF Delhi,2,2015,SOUTH WEST                    ,39,RAJINDER NAGAR,GEN,None of the Above,NULL,NULL,NULL,NOTA,472,11,,,,,,,,
U05,NCT OF Delhi,2,2015,SOUTH WEST                    ,39,RAJINDER NAGAR,GEN,SHABBIR KHAN,M,GEN,53,IND,412,12,,,,,,,,
U05,NCT OF Delhi,2,2015,SOUTH WEST                    ,39,RAJINDER NAGAR,GEN,SWADESH OHRI,M,GEN,74,ATBP,278,15,,,,,,,,
U05,NCT OF Delhi,2,2015,SOUTH WEST                    ,39,RAJINDER NAGAR,GEN,SUNIL KUMAR,M,SC,40,NADP,232,17,,,,,,,,
U05,NCT OF Delhi,2,2015,SOUTH WEST                    ,39,RAJINDER NAGAR,GEN,SARITA KUMARI,F,GEN,44,IND,226,18,,,,,,,,
U05,NCT OF Delhi,2,2015,SOUTH WEST                    ,39,RAJINDER NAGAR,GEN,ASLAM PARVEZ KHAN,M,GEN,45,IND,97,27,,,,,,,,
U05,NCT OF Delhi,2,2015,SOUTH WEST                    ,39,RAJINDER NAGAR,GEN,SARFUDDIN ALAM,M,GEN,42,IND,95,28,,,,,,,,
U05,NCT OF Delhi,2,2015,NEW DELHI                     ,40,NEW DELHI,GEN,ARVIND KEJRIWAL,M,GEN,46,AAAP,57213,1,,,,,,,,
U05,NCT OF Delhi,2,2015,NEW DELHI                     ,40,NEW DELHI,GEN,NUPUR SHARMA,F,GEN,29,BJP,25630,3,,,,,,,,
U05,NCT OF Delhi,2,2015,NEW DELHI                     ,40,NEW DELHI,GEN,KIRAN WALIA,F,GEN,70,INC,4781,6,,,,,,,,
U05,NCT OF Delhi,2,2015,NEW DELHI                     ,40,NEW DELHI,GEN,None of the Above,NULL,NULL,NULL,NOTA,465,8,,,,,,,,
U05,NCT OF Delhi,2,2015,NEW DELHI                     ,40,NEW DELHI,GEN,SWAMI OM JI,M,GEN,58,ABHM,373,10,,,,,,,,
U05,NCT OF Delhi,2,2015,NEW DELHI                     ,40,NEW DELHI,GEN,ANIL KUMAR,M,GEN,38,IND,192,14,,,,,,,,
U05,NCT OF Delhi,2,2015,NEW DELHI                     ,40,NEW DELHI,GEN,RAKESH KUMAR,M,SC,38,BSP,168,15,,,,,,,,
U05,NCT OF Delhi,2,2015,NEW DELHI                     ,40,NEW DELHI,GEN,RAVI KUMAR,M,SC,29,NCP,100,16,,,,,,,,
U05,NCT OF Delhi,2,2015,NEW DELHI                     ,40,NEW DELHI,GEN,SUNIL KUMAR KANDUKURI,M,GEN,29,IND,94,17,,,,,,,,
U05,NCT OF Delhi,2,2015,NEW DELHI                     ,40,NEW DELHI,GEN,MOHD. SIRAJ SAHIL,M,GEN,45,SASAPT,48,22,,,,,,,,
U05,NCT OF Delhi,2,2015,NEW DELHI                     ,40,NEW DELHI,GEN,SANJEEV CHHIBBER,M,GEN,51,NADP,45,23,,,,,,,,
U05,NCT OF Delhi,2,2015,NEW DELHI                     ,40,NEW DELHI,GEN,AJIT,M,GEN,26,GaAP,34,26,,,,,,,,
U05,NCT OF Delhi,2,2015,NEW DELHI                     ,40,NEW DELHI,GEN,SANDEEP SRIVASTAVA,M,GEN,48,IND,34,27,,,,,,,,
U05,NCT OF Delhi,2,2015,NEW DELHI                     ,40,NEW DELHI,GEN,PROFESSOR R N SINGH,M,GEN,57,VSP,30,28,,,,,,,,
U05,NCT OF Delhi,2,2015,NEW DELHI                     ,41,JANGPURA,GEN,PRAVEEN KUMAR,M,GEN,30,AAAP,43927,1,,,,,,,,
U05,NCT OF Delhi,2,2015,NEW DELHI                     ,41,JANGPURA,GEN,MANINDER SINGH DHIR,M,GEN,62,BJP,23477,4,,,,,,,,
U05,NCT OF Delhi,2,2015,NEW DELHI                     ,41,JANGPURA,GEN,TARVINDER SINGH MARWAH,M,GEN,55,INC,22662,5,,,,,,,,
U05,NCT OF Delhi,2,2015,NEW DELHI                     ,41,JANGPURA,GEN,ASHOK,M,GEN,47,BSP,382,10,,,,,,,,
U05,NCT OF Delhi,2,2015,NEW DELHI                     ,41,JANGPURA,GEN,None of the Above,NULL,NULL,NULL,NOTA,314,11,,,,,,,,
U05,NCT OF Delhi,2,2015,NEW DELHI                     ,41,JANGPURA,GEN,ANIL KUMAR,M,GEN,42,IND,164,15,,,,,,,,
U05,NCT OF Delhi,2,2015,NEW DELHI                     ,41,JANGPURA,GEN,YOGESH TALWAR,M,GEN,37,IND,127,16,,,,,,,,
U05,NCT OF Delhi,2,2015,NEW DELHI                     ,41,JANGPURA,GEN,ANIL  SINGH,M,GEN,27,SHS,118,18,,,,,,,,
U05,NCT OF Delhi,2,2015,NEW DELHI                     ,41,JANGPURA,GEN,PARVEEN ARORA,M,GEN,45,IND,90,19,,,,,,,,
U05,NCT OF Delhi,2,2015,NEW DELHI                     ,41,JANGPURA,GEN,VISHWANATH,M,SC,35,NADP,43,22,,,,,,,,
U05,NCT OF Delhi,2,2015,NEW DELHI                     ,42,KASTURBA NAGAR,GEN,MADAN LAL,M,GEN,58,AAAP,50766,1,,,,,,,,
U05,NCT OF Delhi,2,2015,NEW DELHI                     ,42,KASTURBA NAGAR,GEN,RAVINDER  CHOUDHRY,M,GEN,44,BJP,34870,2,,,,,,,,
U05,NCT OF Delhi,2,2015,NEW DELHI                     ,42,KASTURBA NAGAR,GEN,NEERAJ BASOYA,M,GEN,39,INC,11233,6,,,,,,,,
U05,NCT OF Delhi,2,2015,NEW DELHI                     ,42,KASTURBA NAGAR,GEN,None of the Above,NULL,NULL,NULL,NOTA,423,9,,,,,,,,
U05,NCT OF Delhi,2,2015,NEW DELHI                     ,42,KASTURBA NAGAR,GEN,RAMESH KUMARI,F,SC,51,BSP,317,10,,,,,,,,
U05,NCT OF Delhi,2,2015,NEW DELHI                     ,42,KASTURBA NAGAR,GEN,BRIJ PAL,M,GEN,46,IND,281,11,,,,,,,,
U05,NCT OF Delhi,2,2015,NEW DELHI                     ,42,KASTURBA NAGAR,GEN,BEER SINGH NEGI,M,GEN,54,SSGP,276,12,,,,,,,,
U05,NCT OF Delhi,2,2015,NEW DELHI                     ,42,KASTURBA NAGAR,GEN,BISWAMBAR NAYAK,M,GEN,43,IND,83,17,,,,,,,,
U05,NCT OF Delhi,2,2015,NEW DELHI                     ,42,KASTURBA NAGAR,GEN,REKHA WADHWA,F,GEN,44,IND,73,18,,,,,,,,
U05,NCT OF Delhi,2,2015,NEW DELHI                     ,42,KASTURBA NAGAR,GEN,LAXMI DEVI,F,SC,32,BMUP,56,19,,,,,,,,
U05,NCT OF Delhi,2,2015,NEW DELHI                     ,42,KASTURBA NAGAR,GEN,WG. CDR. (RETD.) K. K .VERMA,M,GEN,53,NADP,34,20,,,,,,,,
U05,NCT OF Delhi,2,2015,NEW DELHI                     ,42,KASTURBA NAGAR,GEN,MUKESH KUMAR SAXENA,M,GEN,54,IND,32,21,,,,,,,,
U05,NCT OF Delhi,2,2015,NEW DELHI                     ,42,KASTURBA NAGAR,GEN,SUBHASH KANSAL,M,GEN,54,HCP,26,22,,,,,,,,
U05,NCT OF Delhi,2,2015,NEW DELHI                     ,43,MALVIYA NAGAR,GEN,SOMNATH BHARTI,M,GEN,40,AAAP,51196,1,,,,,,,,
U05,NCT OF Delhi,2,2015,NEW DELHI                     ,43,MALVIYA NAGAR,GEN,DR. NANDANI SHARMA,F,GEN,45,BJP,35299,2,,,,,,,,
U05,NCT OF Delhi,2,2015,NEW DELHI                     ,43,MALVIYA NAGAR,GEN,DR. YOGANAND SHASTRI,M,GEN,69,INC,5555,6,,,,,,,,
U05,NCT OF Delhi,2,2015,NEW DELHI                     ,43,MALVIYA NAGAR,GEN,None of the Above,NULL,NULL,NULL,NOTA,375,10,,,,,,,,
U05,NCT OF Delhi,2,2015,NEW DELHI                     ,43,MALVIYA NAGAR,GEN,DR. SUMAN DHARMVIR,F,SC,45,BSP,293,11,,,,,,,,
U05,NCT OF Delhi,2,2015,NEW DELHI                     ,43,MALVIYA NAGAR,GEN,MARKNDAY SHARMA,M,GEN,31,NavP,184,14,,,,,,,,
U05,NCT OF Delhi,2,2015,NEW DELHI                     ,43,MALVIYA NAGAR,GEN,SOMNATH,M,GEN,47,IND,129,17,,,,,,,,
U05,NCT OF Delhi,2,2015,NEW DELHI                     ,43,MALVIYA NAGAR,GEN,RAMA KANT SHARMA,M,GEN,38,IND,74,20,,,,,,,,
U05,NCT OF Delhi,2,2015,NEW DELHI                     ,44,R K PURAM,GEN,PARMILA TOKAS,F,GEN,37,AAAP,54645,1,,,,,,,,
U05,NCT OF Delhi,2,2015,NEW DELHI                     ,44,R K PURAM,GEN,ANIL KUMAR SHARMA,M,GEN,43,BJP,35577,2,,,,,,,,
U05,NCT OF Delhi,2,2015,NEW DELHI                     ,44,R K PURAM,GEN,LILA DHAR BHATT,M,GEN,46,INC,4042,7,,,,,,,,
U05,NCT OF Delhi,2,2015,NEW DELHI                     ,44,R K PURAM,GEN,MAHIPAL SINGH,M,GEN,52,BSP,828,8,,,,,,,,
U05,NCT OF Delhi,2,2015,NEW DELHI                     ,44,R K PURAM,GEN,None of the Above,NULL,NULL,NULL,NOTA,462,10,,,,,,,,
U05,NCT OF Delhi,2,2015,NEW DELHI                     ,44,R K PURAM,GEN,KUSHMA DEVI,F,SC,37,IND,234,11,,,,,,,,
U05,NCT OF Delhi,2,2015,NEW DELHI                     ,44,R K PURAM,GEN,RAKESH KUMAR,M,GEN,45,HND,133,15,,,,,,,,
U05,NCT OF Delhi,2,2015,NEW DELHI                     ,44,R K PURAM,GEN,UDAIBIR SINGH TOKAS,M,GEN,52,HCP,120,16,,,,,,,,
U05,NCT OF Delhi,2,2015,NEW DELHI                     ,44,R K PURAM,GEN,RAI SINGH,M,GEN,57,RtrSP,59,20,,,,,,,,
U05,NCT OF Delhi,2,2015,NEW DELHI                     ,44,R K PURAM,GEN,KULDEEP SINGH AHLAWAT,M,GEN,52,IND,54,21,,,,,,,,
U05,NCT OF Delhi,2,2015,NEW DELHI                     ,44,R K PURAM,GEN,M G RADHAKRISHNAN,M,GEN,42,PMPT,43,22,,,,,,,,
U05,NCT OF Delhi,2,2015,NEW DELHI                     ,44,R K PURAM,GEN,K JEEVAN RITA MURTHY,F,GEN,46,RPI(A),38,24,,,,,,,,
U05,NCT OF Delhi,2,2015,NEW DELHI                     ,44,R K PURAM,GEN,ASIF KHAN,M,GEN,35,IND,21,26,,,,,,,,
U05,NCT OF Delhi,2,2015,SOUTH                         ,45,MEHRAULI,GEN,NARESH YADAV,M,GEN,42,AAAP,58125,1,,,,,,,,
U05,NCT OF Delhi,2,2015,SOUTH                         ,45,MEHRAULI,GEN,SARITA CHAUDHARY,F,GEN,41,BJP,41174,2,,,,,,,,
U05,NCT OF Delhi,2,2015,SOUTH                         ,45,MEHRAULI,GEN,SATBIR SINGH,M,GEN,60,INC,12065,6,,,,,,,,
U05,NCT OF Delhi,2,2015,SOUTH                         ,45,MEHRAULI,GEN,D.K.CHOPRA,M,GEN,61,IND,1220,8,,,,,,,,
U05,NCT OF Delhi,2,2015,SOUTH                         ,45,MEHRAULI,GEN,None of the Above,NULL,NULL,NULL,NOTA,553,11,,,,,,,,
U05,NCT OF Delhi,2,2015,SOUTH                         ,45,MEHRAULI,GEN,SAROJ VERMA,F,GEN,49,BSP,550,12,,,,,,,,
U05,NCT OF Delhi,2,2015,SOUTH                         ,45,MEHRAULI,GEN,VICHITRA GUPTA,F,GEN,42,IND,143,14,,,,,,,,
U05,NCT OF Delhi,2,2015,SOUTH                         ,46,CHHATARPUR,GEN,KARTAR SINGH TANWAR,M,GEN,52,AAAP,67645,1,,,,,,,,
U05,NCT OF Delhi,2,2015,SOUTH                         ,46,CHHATARPUR,GEN,BRAHM SINGH TANWAR,M,GEN,62,BJP,45405,3,,,,,,,,
U05,NCT OF Delhi,2,2015,SOUTH                         ,46,CHHATARPUR,GEN,BALRAM TANWAR,M,GEN,57,INC,9339,6,,,,,,,,
U05,NCT OF Delhi,2,2015,SOUTH                         ,46,CHHATARPUR,GEN,AMIT VAID,M,GEN,41,RLD,627,10,,,,,,,,
U05,NCT OF Delhi,2,2015,SOUTH                         ,46,CHHATARPUR,GEN,None of the Above,NULL,NULL,NULL,NOTA,547,11,,,,,,,,
U05,NCT OF Delhi,2,2015,SOUTH                         ,46,CHHATARPUR,GEN,BIJENDER,M,GEN,48,BSP,503,12,,,,,,,,
U05,NCT OF Delhi,2,2015,SOUTH                         ,46,CHHATARPUR,GEN,SANJAY KUMAR SINGH,M,GEN,46,IND,267,14,,,,,,,,
U05,NCT OF Delhi,2,2015,SOUTH                         ,46,CHHATARPUR,GEN,DINESH TANWAR,M,GEN,35,IND,171,17,,,,,,,,
U05,NCT OF Delhi,2,2015,SOUTH                         ,46,CHHATARPUR,GEN,ARCHANA YADAV,F,GEN,30,SHS,98,18,,,,,,,,
U05,NCT OF Delhi,2,2015,SOUTH                         ,47,DEOLI,SC,PRAKASH,M,SC,26,AAAP,96530,1,,,,,,,,
U05,NCT OF Delhi,2,2015,SOUTH                         ,47,DEOLI,SC,ARVIND KUMAR,M,SC,38,BJP,32593,4,,,,,,,,
U05,NCT OF Delhi,2,2015,SOUTH                         ,47,DEOLI,SC,RAJESH CHAUHAN,M,SC,44,INC,4968,6,,,,,,,,
U05,NCT OF Delhi,2,2015,SOUTH                         ,47,DEOLI,SC,DALCHAND KAPIL,M,SC,53,BSP,1569,8,,,,,,,,
U05,NCT OF Delhi,2,2015,SOUTH                         ,47,DEOLI,SC,None of the Above,NULL,NULL,NULL,NOTA,502,11,,,,,,,,
U05,NCT OF Delhi,2,2015,SOUTH                         ,47,DEOLI,SC,PADMA RANI,F,SC,47,HCP,318,12,,,,,,,,
U05,NCT OF Delhi,2,2015,SOUTH                         ,47,DEOLI,SC,SIYARAM RAJORA,M,SC,45,SASAPT,223,13,,,,,,,,
U05,NCT OF Delhi,2,2015,SOUTH                         ,48,AMBEDKAR NAGAR,SC,AJAY DUTT,M,SC,39,AAAP,66632,1,,,,,,,,
U05,NCT OF Delhi,2,2015,SOUTH                         ,48,AMBEDKAR NAGAR,SC,ASHOK KUMAR,M,SC,54,BJP,24172,4,,,,,,,,
U05,NCT OF Delhi,2,2015,SOUTH                         ,48,AMBEDKAR NAGAR,SC,CH. PREM SINGH,M,SC,82,INC,5336,6,,,,,,,,
U05,NCT OF Delhi,2,2015,SOUTH                         ,48,AMBEDKAR NAGAR,SC,RAJBIR,M,SC,57,BSP,815,8,,,,,,,,
U05,NCT OF Delhi,2,2015,SOUTH                         ,48,AMBEDKAR NAGAR,SC,None of the Above,NULL,NULL,NULL,NOTA,481,10,,,,,,,,
U05,NCT OF Delhi,2,2015,SOUTH                         ,49,SANGAM VIHAR,GEN,DINESH MOHANIYA,M,GEN,35,AAAP,72131,1,,,,,,,,
U05,NCT OF Delhi,2,2015,SOUTH                         ,49,SANGAM VIHAR,GEN,SHIV CHARAN LAL GUPTA,M,GEN,61,BJP,28143,2,,,,,,,,
U05,NCT OF Delhi,2,2015,SOUTH                         ,49,SANGAM VIHAR,GEN,VISHAN SWAROOP AGGARWAL,M,GEN,48,INC,3423,8,,,,,,,,
U05,NCT OF Delhi,2,2015,SOUTH                         ,49,SANGAM VIHAR,GEN,SHISH PAL SINGH,M,GEN,57,BSP,3146,9,,,,,,,,
U05,NCT OF Delhi,2,2015,SOUTH                         ,49,SANGAM VIHAR,GEN,SHAHID,M,GEN,36,IND,503,13,,,,,,,,
U05,NCT OF Delhi,2,2015,SOUTH                         ,49,SANGAM VIHAR,GEN,None of the Above,NULL,NULL,NULL,NOTA,467,15,,,,,,,,
U05,NCT OF Delhi,2,2015,SOUTH                         ,49,SANGAM VIHAR,GEN,DINESH PRASAD JAISWAL,M,GEN,35,SASAPT,323,16,,,,,,,,
U05,NCT OF Delhi,2,2015,SOUTH                         ,49,SANGAM VIHAR,GEN,SANDEEP KUMAR,M,GEN,25,IND,287,18,,,,,,,,
U05,NCT OF Delhi,2,2015,SOUTH                         ,49,SANGAM VIHAR,GEN,SUKHVIR SINGH,M,GEN,42,IND,241,21,,,,,,,,
U05,NCT OF Delhi,2,2015,SOUTH                         ,49,SANGAM VIHAR,GEN,PRADEEP CHAND,M,GEN,37,SAAFP,179,24,,,,,,,,
U05,NCT OF Delhi,2,2015,SOUTH                         ,49,SANGAM VIHAR,GEN,RAMAWATI,F,GEN,37,IND,146,27,,,,,,,,
U05,NCT OF Delhi,2,2015,SOUTH                         ,49,SANGAM VIHAR,GEN,PRAWEEN PRAKASH BHARDWAJ,M,GEN,40,PMPT,113,28,,,,,,,,
U05,NCT OF Delhi,2,2015,SOUTH                         ,49,SANGAM VIHAR,GEN,PRADEEP,M,GEN,29,HCP,90,30,,,,,,,,
U05,NCT OF Delhi,2,2015,SOUTH                         ,49,SANGAM VIHAR,GEN,NAZUKAR KHAN,M,GEN,41,IND,70,31,,,,,,,,
U05,NCT OF Delhi,2,2015,SOUTH                         ,49,SANGAM VIHAR,GEN,PRADEEP KUMAR,M,GEN,41,RBCP,60,33,,,,,,,,
U05,NCT OF Delhi,2,2015,SOUTH                         ,49,SANGAM VIHAR,GEN,RAMAASARE YADAV,M,GEN,30,NADP,36,34,,,,,,,,
U05,NCT OF Delhi,2,2015,NEW DELHI                     ,50,GREATER KAILASH,GEN,SAURABH BHARADWAJ,M,GEN,33,AAAP,57589,1,,,,,,,,
U05,NCT OF Delhi,2,2015,NEW DELHI                     ,50,GREATER KAILASH,GEN,RAKESH KUMAR GULLAIYA,M,GEN,45,BJP,43006,3,,,,,,,,
U05,NCT OF Delhi,2,2015,NEW DELHI                     ,50,GREATER KAILASH,GEN,SHARMISTHA MUKHERJEE,F,GEN,49,INC,6102,6,,,,,,,,
U05,NCT OF Delhi,2,2015,NEW DELHI                     ,50,GREATER KAILASH,GEN,None of the Above,NULL,NULL,NULL,NOTA,443,9,,,,,,,,
U05,NCT OF Delhi,2,2015,NEW DELHI                     ,50,GREATER KAILASH,GEN,ADITYA,M,SC,27,BSP,239,12,,,,,,,,
U05,NCT OF Delhi,2,2015,NEW DELHI                     ,50,GREATER KAILASH,GEN,ASHOK KUMAR,M,GEN,45,SaPP,238,13,,,,,,,,
U05,NCT OF Delhi,2,2015,NEW DELHI                     ,50,GREATER KAILASH,GEN,SANJAY KHATRI,M,GEN,46,IND,228,14,,,,,,,,
U05,NCT OF Delhi,2,2015,NEW DELHI                     ,50,GREATER KAILASH,GEN,ROHIT TYAGI,M,GEN,26,NCP,116,15,,,,,,,,
U05,NCT OF Delhi,2,2015,NEW DELHI                     ,50,GREATER KAILASH,GEN,ASHOK KUMAR SHARMA,M,GEN,58,SHS,76,16,,,,,,,,
U05,NCT OF Delhi,2,2015,SOUTH                         ,51,KALKAJI,GEN,AVTAR SINGH KALKAJI,M,GEN,51,AAAP,55104,1,,,,,,,,
U05,NCT OF Delhi,2,2015,SOUTH                         ,51,KALKAJI,GEN,HARMEET SINGH KALKA,M,GEN,47,BJP,35335,2,,,,,,,,
U05,NCT OF Delhi,2,2015,SOUTH                         ,51,KALKAJI,GEN,SUBHASH CHOPRA,M,GEN,67,INC,13552,6,,,,,,,,
U05,NCT OF Delhi,2,2015,SOUTH                         ,51,KALKAJI,GEN,AVTAR SINGH,M,GEN,39,IND,666,9,,,,,,,,
U05,NCT OF Delhi,2,2015,SOUTH                         ,51,KALKAJI,GEN,None of the Above,NULL,NULL,NULL,NOTA,528,11,,,,,,,,
U05,NCT OF Delhi,2,2015,SOUTH                         ,51,KALKAJI,GEN,SHASHI PRATAP,M,GEN,49,BSP,491,12,,,,,,,,
U05,NCT OF Delhi,2,2015,SOUTH                         ,51,KALKAJI,GEN,SANJAY AGARWAL,M,GEN,45,IND,301,13,,,,,,,,
U05,NCT OF Delhi,2,2015,SOUTH                         ,51,KALKAJI,GEN,R. SINGH CHOUDHARY,M,GEN,42,IND,205,14,,,,,,,,
U05,NCT OF Delhi,2,2015,SOUTH                         ,51,KALKAJI,GEN,DR. ANIL KUMAR,M,GEN,32,SASAPT,181,15,,,,,,,,
U05,NCT OF Delhi,2,2015,SOUTH                         ,51,KALKAJI,GEN,GURDEEP SINGH,M,GEN,42,IND,118,20,,,,,,,,
U05,NCT OF Delhi,2,2015,SOUTH                         ,51,KALKAJI,GEN,DR. KAILASH SHANKER TRIVEDI,M,GEN,65,IND,63,23,,,,,,,,
U05,NCT OF Delhi,2,2015,SOUTH                         ,52,TUGHLAKABAD,GEN,SAHI RAM,M,GEN,53,AAAP,64311,1,,,,,,,,
U05,NCT OF Delhi,2,2015,SOUTH                         ,52,TUGHLAKABAD,GEN,VIKRAM BIDHURI,M,GEN,38,BJP,30610,3,,,,,,,,
U05,NCT OF Delhi,2,2015,SOUTH                         ,52,TUGHLAKABAD,GEN,SACHIN,M,GEN,30,INC,4269,7,,,,,,,,
U05,NCT OF Delhi,2,2015,SOUTH                         ,52,TUGHLAKABAD,GEN,GIRRAJ SINGH,M,SC,54,BSP,2015,8,,,,,,,,
U05,NCT OF Delhi,2,2015,SOUTH                         ,52,TUGHLAKABAD,GEN,MANOJ KUMAR RAY,M,GEN,31,IND,549,10,,,,,,,,
U05,NCT OF Delhi,2,2015,SOUTH                         ,52,TUGHLAKABAD,GEN,None of the Above,NULL,NULL,NULL,NOTA,383,13,,,,,,,,
U05,NCT OF Delhi,2,2015,SOUTH                         ,52,TUGHLAKABAD,GEN,ABDUL BASIT,M,GEN,36,RJD,236,14,,,,,,,,
U05,NCT OF Delhi,2,2015,SOUTH                         ,52,TUGHLAKABAD,GEN,SACHIN KUMAR,M,GEN,27,IND,223,15,,,,,,,,
U05,NCT OF Delhi,2,2015,SOUTH                         ,52,TUGHLAKABAD,GEN,SHALINI,F,GEN,47,RBCP,177,18,,,,,,,,
U05,NCT OF Delhi,2,2015,SOUTH                         ,52,TUGHLAKABAD,GEN,TEJPAL SINGH,M,SC,38,IND,173,19,,,,,,,,
U05,NCT OF Delhi,2,2015,SOUTH                         ,52,TUGHLAKABAD,GEN,REKHA SINGH,F,GEN,43,IND,111,21,,,,,,,,
U05,NCT OF Delhi,2,2015,SOUTH                         ,53,BADARPUR,GEN,NARAYAN DUTT SHARMA,M,GEN,42,AAAP,94242,1,,,,,,,,
U05,NCT OF Delhi,2,2015,SOUTH                         ,53,BADARPUR,GEN,RAMVIR SINGH BIDHURI,M,GEN,62,BJP,46659,2,,,,,,,,
U05,NCT OF Delhi,2,2015,SOUTH                         ,53,BADARPUR,GEN,RAM SINGH NETAJI,M,GEN,59,INC,18930,7,,,,,,,,
U05,NCT OF Delhi,2,2015,SOUTH                         ,53,BADARPUR,GEN,NAR SINGH SHAH,M,GEN,42,BSP,8082,8,,,,,,,,
U05,NCT OF Delhi,2,2015,SOUTH                         ,53,BADARPUR,GEN,PRAKASH SINGH RAWAT,M,GEN,27,IND,1088,10,,,,,,,,
U05,NCT OF Delhi,2,2015,SOUTH                         ,53,BADARPUR,GEN,None of the Above,NULL,NULL,NULL,NOTA,562,12,,,,,,,,
U05,NCT OF Delhi,2,2015,SOUTH                         ,53,BADARPUR,GEN,PHUL KUMAR JHA,M,GEN,38,SASAPT,350,15,,,,,,,,
U05,NCT OF Delhi,2,2015,SOUTH                         ,53,BADARPUR,GEN,PRAMOD KUMAR,M,GEN,30,IND,267,17,,,,,,,,
U05,NCT OF Delhi,2,2015,SOUTH                         ,53,BADARPUR,GEN,OM PRAKASH GUPTA,M,GEN,62,IND,221,21,,,,,,,,
U05,NCT OF Delhi,2,2015,NEW DELHI                     ,54,OKHLA,GEN,AMANATULLAH KHAN,M,GEN,41,AAAP,104271,1,,,,,,,,
U05,NCT OF Delhi,2,2015,NEW DELHI                     ,54,OKHLA,GEN,BRAHAM SINGH,M,GEN,50,BJP,39739,3,,,,,,,,
U05,NCT OF Delhi,2,2015,NEW DELHI                     ,54,OKHLA,GEN,ASIF MOHD. KHAN,M,GEN,51,INC,20135,7,,,,,,,,
U05,NCT OF Delhi,2,2015,NEW DELHI                     ,54,OKHLA,GEN,ANZARUL HAQUE,M,GEN,44,INL,853,12,,,,,,,,
U05,NCT OF Delhi,2,2015,NEW DELHI                     ,54,OKHLA,GEN,ASHRAF KAMAL,M,GEN,33,BSP,696,14,,,,,,,,
U05,NCT OF Delhi,2,2015,NEW DELHI                     ,54,OKHLA,GEN,None of the Above,NULL,NULL,NULL,NOTA,519,16,,,,,,,,
U05,NCT OF Delhi,2,2015,NEW DELHI                     ,54,OKHLA,GEN,MOHD. ASLAM,M,GEN,43,IND,153,23,,,,,,,,
U05,NCT OF Delhi,2,2015,NEW DELHI                     ,54,OKHLA,GEN,BURHANUDDIN,M,GEN,54,IND,102,26,,,,,,,,
U05,NCT OF Delhi,2,2015,NEW DELHI                     ,54,OKHLA,GEN,HUMA KAUSAR,F,GEN,44,IND,98,27,,,,,,,,
U05,NCT OF Delhi,2,2015,NEW DELHI                     ,54,OKHLA,GEN,MOHD. NIZAMUDDIN,M,GEN,46,SASAPT,92,28,,,,,,,,
U05,NCT OF Delhi,2,2015,EAST                          ,55,TRILOKPURI,SC,RAJU DHINGAN,M,SC,41,AAAP,74907,1,,,,,,,,
U05,NCT OF Delhi,2,2015,EAST                          ,55,TRILOKPURI,SC,KIRAN VAIDYA,F,SC,40,BJP,45153,2,,,,,,,,
U05,NCT OF Delhi,2,2015,EAST                          ,55,TRILOKPURI,SC,BRAHM PAL,M,SC,68,INC,4149,8,,,,,,,,
U05,NCT OF Delhi,2,2015,EAST                          ,55,TRILOKPURI,SC,DR.GIRISH,M,SC,30,BSP,2217,9,,,,,,,,
U05,NCT OF Delhi,2,2015,EAST                          ,55,TRILOKPURI,SC,None of the Above,NULL,NULL,NULL,NOTA,467,13,,,,,,,,
U05,NCT OF Delhi,2,2015,EAST                          ,55,TRILOKPURI,SC,KHUBI RAM,M,SC,44,CPI,380,14,,,,,,,,
U05,NCT OF Delhi,2,2015,EAST                          ,55,TRILOKPURI,SC,PADAM CHAND,M,SC,62,BMUP,271,15,,,,,,,,
U05,NCT OF Delhi,2,2015,EAST                          ,55,TRILOKPURI,SC,RAKESH,M,SC,40,GaAP,134,21,,,,,,,,
U05,NCT OF Delhi,2,2015,EAST                          ,55,TRILOKPURI,SC,MAHINDER SINGH,M,SC,74,SASAPT,100,22,,,,,,,,
U05,NCT OF Delhi,2,2015,EAST                          ,56,KONDLI,SC,MANOJ KUMAR,M,SC,35,AAAP,63185,1,,,,,,,,
U05,NCT OF Delhi,2,2015,EAST                          ,56,KONDLI,SC,HUKAM SINGH,M,SC,60,BJP,38426,2,,,,,,,,
U05,NCT OF Delhi,2,2015,EAST                          ,56,KONDLI,SC,AMRISH SINGH GAUTAM,M,SC,58,INC,13562,7,,,,,,,,
U05,NCT OF Delhi,2,2015,EAST                          ,56,KONDLI,SC,CHAMAN KUMAR,M,SC,39,BSP,8533,8,,,,,,,,
U05,NCT OF Delhi,2,2015,EAST                          ,56,KONDLI,SC,None of the Above,NULL,NULL,NULL,NOTA,458,11,,,,,,,,
U05,NCT OF Delhi,2,2015,EAST                          ,56,KONDLI,SC,MALA DEVI,F,SC,42,CPI(ML)(L),230,13,,,,,,,,
U05,NCT OF Delhi,2,2015,EAST                          ,56,KONDLI,SC,RAKESH,M,SC,28,IND,193,15,,,,,,,,
U05,NCT OF Delhi,2,2015,EAST                          ,56,KONDLI,SC,SUNIL BABU,M,SC,41,IND,132,17,,,,,,,,
U05,NCT OF Delhi,2,2015,EAST                          ,57,PATPARGANJ,GEN,MANISH SISODIA,M,GEN,42,AAAP,75243,1,,,,,,,,
U05,NCT OF Delhi,2,2015,EAST                          ,57,PATPARGANJ,GEN,VINOD KUMAR BINNY,M,GEN,41,BJP,46452,3,,,,,,,,
U05,NCT OF Delhi,2,2015,EAST                          ,57,PATPARGANJ,GEN,ANIL KUMAR,M,GEN,38,INC,16177,6,,,,,,,,
U05,NCT OF Delhi,2,2015,EAST                          ,57,PATPARGANJ,GEN,NEM SINGH PREMI,M,SC,45,BSP,1191,8,,,,,,,,
U05,NCT OF Delhi,2,2015,EAST                          ,57,PATPARGANJ,GEN,None of the Above,NULL,NULL,NULL,NOTA,530,9,,,,,,,,
U05,NCT OF Delhi,2,2015,EAST                          ,57,PATPARGANJ,GEN,CHHAVI PRAKASH GUPTA,M,GEN,42,SHS,293,12,,,,,,,,
U05,NCT OF Delhi,2,2015,EAST                          ,57,PATPARGANJ,GEN,MAHESH PRAKASH,M,GEN,47,SASAPT,283,13,,,,,,,,
U05,NCT OF Delhi,2,2015,EAST                          ,57,PATPARGANJ,GEN,BHUPENDRA KUMAR RAI,M,GEN,36,IND,98,18,,,,,,,,
U05,NCT OF Delhi,2,2015,EAST                          ,58,LAXMI NAGAR,GEN,NITIN TYAGI,M,GEN,41,AAAP,58229,1,,,,,,,,
U05,NCT OF Delhi,2,2015,EAST                          ,58,LAXMI NAGAR,GEN,B. B. TYAGI,M,GEN,56,BJP,53383,2,,,,,,,,
U05,NCT OF Delhi,2,2015,EAST                          ,58,LAXMI NAGAR,GEN,DR. ASHOK KUMAR WALIA,M,GEN,66,INC,23627,6,,,,,,,,
U05,NCT OF Delhi,2,2015,EAST                          ,58,LAXMI NAGAR,GEN,KAVITA NARAIN,F,GEN,45,BSP,687,9,,,,,,,,
U05,NCT OF Delhi,2,2015,EAST                          ,58,LAXMI NAGAR,GEN,None of the Above,NULL,NULL,NULL,NOTA,420,11,,,,,,,,
U05,NCT OF Delhi,2,2015,EAST                          ,58,LAXMI NAGAR,GEN,VIMAL KUMAR SAXENA,M,GEN,55,IND,270,12,,,,,,,,
U05,NCT OF Delhi,2,2015,EAST                          ,58,LAXMI NAGAR,GEN,SARVENDRA SINGH PAL,M,GEN,41,NCP,165,14,,,,,,,,
U05,NCT OF Delhi,2,2015,EAST                          ,58,LAXMI NAGAR,GEN,ZAHEER ABBASI,M,GEN,29,RPI(A),68,20,,,,,,,,
U05,NCT OF Delhi,2,2015,EAST                          ,59,VISHWAS NAGAR,GEN,OM PRAKASH SHARMA,M,GEN,61,BJP,58124,1,,,,,,,,
U05,NCT OF Delhi,2,2015,EAST                          ,59,VISHWAS NAGAR,GEN,DR. ATUL GUPTA,M,GEN,56,AAAP,47966,2,,,,,,,,
U05,NCT OF Delhi,2,2015,EAST                          ,59,VISHWAS NAGAR,GEN,NASEEB SINGH,M,GEN,48,INC,20634,6,,,,,,,,
U05,NCT OF Delhi,2,2015,EAST                          ,59,VISHWAS NAGAR,GEN,GIRISH CHOUDHARY,M,GEN,50,BSP,854,9,,,,,,,,
U05,NCT OF Delhi,2,2015,EAST                          ,59,VISHWAS NAGAR,GEN,None of the Above,NULL,NULL,NULL,NOTA,499,11,,,,,,,,
U05,NCT OF Delhi,2,2015,EAST                          ,59,VISHWAS NAGAR,GEN,JAGDISH,M,SC,34,GaRPa,270,12,,,,,,,,
U05,NCT OF Delhi,2,2015,EAST                          ,59,VISHWAS NAGAR,GEN,SHOKAT ALI,M,GEN,65,HCP,140,14,,,,,,,,
U05,NCT OF Delhi,2,2015,EAST                          ,59,VISHWAS NAGAR,GEN,VIJAY KUMAR JHA,M,GEN,38,SASAPT,138,15,,,,,,,,
U05,NCT OF Delhi,2,2015,EAST                          ,59,VISHWAS NAGAR,GEN,PRAVEEN KUMAR BHARAT,M,SC,34,BJM,95,16,,,,,,,,
U05,NCT OF Delhi,2,2015,EAST                          ,60,KRISHNA NAGAR,GEN,"S K BAGGA, ADVOCATE",M,GEN,60,AAAP,65919,2,,,,,,,,
U05,NCT OF Delhi,2,2015,EAST                          ,60,KRISHNA NAGAR,GEN,KIRAN BEDI,F,GEN,65,BJP,63642,3,,,,,,,,
U05,NCT OF Delhi,2,2015,EAST                          ,60,KRISHNA NAGAR,GEN,BANSI LAL,M,GEN,60,INC,6189,6,,,,,,,,
U05,NCT OF Delhi,2,2015,EAST                          ,60,KRISHNA NAGAR,GEN,YOGESH KUMAR,M,GEN,34,BSP,501,10,,,,,,,,
U05,NCT OF Delhi,2,2015,EAST                          ,60,KRISHNA NAGAR,GEN,None of the Above,NULL,NULL,NULL,NOTA,358,11,,,,,,,,
U05,NCT OF Delhi,2,2015,EAST                          ,60,KRISHNA NAGAR,GEN,CHANDAN LAL PREMI,M,SC,76,CPI,339,12,,,,,,,,
U05,NCT OF Delhi,2,2015,EAST                          ,60,KRISHNA NAGAR,GEN,PURNIMA JOHN,F,GEN,33,SPP,169,14,,,,,,,,
U05,NCT OF Delhi,2,2015,EAST                          ,60,KRISHNA NAGAR,GEN,VIRENDR PRADHAN,M,GEN,36,IND,90,16,,,,,,,,
U05,NCT OF Delhi,2,2015,EAST                          ,60,KRISHNA NAGAR,GEN,SAHRUR,F,GEN,39,HCP,73,18,,,,,,,,
U05,NCT OF Delhi,2,2015,EAST                          ,60,KRISHNA NAGAR,GEN,ADVOCATE MANJEET SINGH,M,GEN,27,IND,53,20,,,,,,,,
U05,NCT OF Delhi,2,2015,EAST                          ,60,KRISHNA NAGAR,GEN,JAGBIR SINGH,M,GEN,32,RAJP,32,21,,,,,,,,
U05,NCT OF Delhi,2,2015,EAST                          ,61,GANDHI NAGAR,GEN,ANIL KUMAR BAJPAI,M,GEN,57,AAAP,50946,1,,,,,,,,
U05,NCT OF Delhi,2,2015,EAST                          ,61,GANDHI NAGAR,GEN,JITENDER,M,GEN,39,BJP,43464,3,,,,,,,,
U05,NCT OF Delhi,2,2015,EAST                          ,61,GANDHI NAGAR,GEN,SURENDER PRAKASH SHARMA,M,GEN,59,INC,16228,6,,,,,,,,
U05,NCT OF Delhi,2,2015,EAST                          ,61,GANDHI NAGAR,GEN,MD. HAROON,M,GEN,48,IND,660,9,,,,,,,,
U05,NCT OF Delhi,2,2015,EAST                          ,61,GANDHI NAGAR,GEN,None of the Above,NULL,NULL,NULL,NOTA,492,11,,,,,,,,
U05,NCT OF Delhi,2,2015,EAST                          ,61,GANDHI NAGAR,GEN,DHARMENDR KUMAR,M,SC,36,BSP,456,12,,,,,,,,
U05,NCT OF Delhi,2,2015,EAST                          ,61,GANDHI NAGAR,GEN,VIJAY SINGH,M,GEN,41,SHS,165,13,,,,,,,,
U05,NCT OF Delhi,2,2015,EAST                          ,61,GANDHI NAGAR,GEN,SHAINA,F,GEN,30,IND,80,17,,,,,,,,
U05,NCT OF Delhi,2,2015,EAST                          ,61,GANDHI NAGAR,GEN,JABBAR ALI,M,GEN,34,IND,65,20,,,,,,,,
U05,NCT OF Delhi,2,2015,EAST                          ,61,GANDHI NAGAR,GEN,RAJESH KUMAR,M,SC,34,IND,47,24,,,,,,,,
U05,NCT OF Delhi,2,2015,EAST                          ,62,SHAHDARA,GEN,RAM NIWAS GOEL,M,GEN,66,AAAP,58523,1,,,,,,,,
U05,NCT OF Delhi,2,2015,EAST                          ,62,SHAHDARA,GEN,JITENDER SINGH SHUNTY,M,GEN,52,BJP,46792,2,,,,,,,,
U05,NCT OF Delhi,2,2015,EAST                          ,62,SHAHDARA,GEN,NARENDER NATH,M,GEN,71,INC,9423,6,,,,,,,,
U05,NCT OF Delhi,2,2015,EAST                          ,62,SHAHDARA,GEN,BEHEN PREETI,F,GEN,55,IND,1289,9,,,,,,,,
U05,NCT OF Delhi,2,2015,EAST                          ,62,SHAHDARA,GEN,RAJPAL SINGH,M,GEN,54,BSP,1276,10,,,,,,,,
U05,NCT OF Delhi,2,2015,EAST                          ,62,SHAHDARA,GEN,None of the Above,NULL,NULL,NULL,NOTA,368,12,,,,,,,,
U05,NCT OF Delhi,2,2015,EAST                          ,62,SHAHDARA,GEN,HARPAL SINGH KUNDALIYA,M,GEN,62,GaRPa,235,13,,,,,,,,
U05,NCT OF Delhi,2,2015,EAST                          ,62,SHAHDARA,GEN,MANISH GUPTA,M,GEN,41,IND,167,16,,,,,,,,
U05,NCT OF Delhi,2,2015,EAST                          ,62,SHAHDARA,GEN,PREETI,F,GEN,34,IND,86,21,,,,,,,,
U05,NCT OF Delhi,2,2015,EAST                          ,62,SHAHDARA,GEN,PREETI,F,GEN,27,IND,56,22,,,,,,,,
U05,NCT OF Delhi,2,2015,EAST                          ,62,SHAHDARA,GEN,ACHAL SHARMA,M,GEN,28,IND,41,23,,,,,,,,
U05,NCT OF Delhi,2,2015,NORTH EAST                    ,63,SEEMA PURI,SC,RAJENDRA PAL GAUTAM,M,SC,46,AAAP,79777,1,,,,,,,,
U05,NCT OF Delhi,2,2015,NORTH EAST                    ,63,SEEMA PURI,SC,KARAMVIR,M,SC,44,BJP,30956,4,,,,,,,,
U05,NCT OF Delhi,2,2015,NORTH EAST                    ,63,SEEMA PURI,SC,VEER SINGH DHINGAN,M,SC,60,INC,10674,7,,,,,,,,
U05,NCT OF Delhi,2,2015,NORTH EAST                    ,63,SEEMA PURI,SC,JAI SHREE,F,SC,31,BSP,4103,8,,,,,,,,
U05,NCT OF Delhi,2,2015,NORTH EAST                    ,63,SEEMA PURI,SC,None of the Above,NULL,NULL,NULL,NOTA,499,11,,,,,,,,
U05,NCT OF Delhi,2,2015,NORTH EAST                    ,63,SEEMA PURI,SC,AARTI,F,SC,26,GaRPa,304,14,,,,,,,,
U05,NCT OF Delhi,2,2015,NORTH EAST                    ,63,SEEMA PURI,SC,RAVINDER KUMAR,M,SC,43,IND,228,16,,,,,,,,
U05,NCT OF Delhi,2,2015,NORTH EAST                    ,64,ROHTAS NAGAR,GEN,SARITA SINGH,F,GEN,28,AAAP,62209,1,,,,,,,,
U05,NCT OF Delhi,2,2015,NORTH EAST                    ,64,ROHTAS NAGAR,GEN,JITENDER MAHAJAN,M,GEN,45,BJP,54335,2,,,,,,,,
U05,NCT OF Delhi,2,2015,NORTH EAST                    ,64,ROHTAS NAGAR,GEN,VIPIN SHARMA,M,GEN,37,INC,15548,6,,,,,,,,
U05,NCT OF Delhi,2,2015,NORTH EAST                    ,64,ROHTAS NAGAR,GEN,PRAVEEN BANSAL,M,GEN,34,BSP,2115,7,,,,,,,,
U05,NCT OF Delhi,2,2015,NORTH EAST                    ,64,ROHTAS NAGAR,GEN,None of the Above,NULL,NULL,NULL,NOTA,409,10,,,,,,,,
U05,NCT OF Delhi,2,2015,NORTH EAST                    ,64,ROHTAS NAGAR,GEN,ATUL KUMAR,M,SC,33,GaRPa,243,13,,,,,,,,
U05,NCT OF Delhi,2,2015,NORTH EAST                    ,64,ROHTAS NAGAR,GEN,RAISUDDIN,M,GEN,47,IND,191,14,,,,,,,,
U05,NCT OF Delhi,2,2015,NORTH EAST                    ,64,ROHTAS NAGAR,GEN,PAWAN KUMAR,M,SC,38,JKNPP,87,18,,,,,,,,
U05,NCT OF Delhi,2,2015,NORTH EAST                    ,64,ROHTAS NAGAR,GEN,RAJENDRA KUMAR,M,GEN,41,RBCP,85,19,,,,,,,,
U05,NCT OF Delhi,2,2015,NORTH EAST                    ,64,ROHTAS NAGAR,GEN,NARESH KUMAR,M,GEN,32,IND,67,20,,,,,,,,
U05,NCT OF Delhi,2,2015,NORTH EAST                    ,64,ROHTAS NAGAR,GEN,RAJEEV SOHI,M,GEN,48,SHS,65,21,,,,,,,,
U05,NCT OF Delhi,2,2015,NORTH EAST                    ,65,SEELAMPUR,GEN,MOHD. ISHRAQUE,M,GEN,54,AAAP,57302,1,,,,,,,,
U05,NCT OF Delhi,2,2015,NORTH EAST                    ,65,SEELAMPUR,GEN,SANJAY JAIN,M,GEN,40,BJP,29415,3,,,,,,,,
U05,NCT OF Delhi,2,2015,NORTH EAST                    ,65,SEELAMPUR,GEN,CHAUDHARY MATEEN AHMAD,M,GEN,56,INC,23791,5,,,,,,,,
U05,NCT OF Delhi,2,2015,NORTH EAST                    ,65,SEELAMPUR,GEN,SANDEEP CHODHARY,M,GEN,25,BSP,629,9,,,,,,,,
U05,NCT OF Delhi,2,2015,NORTH EAST                    ,65,SEELAMPUR,GEN,None of the Above,NULL,NULL,NULL,NOTA,329,13,,,,,,,,
U05,NCT OF Delhi,2,2015,NORTH EAST                    ,65,SEELAMPUR,GEN,MANOJ KUMAR,M,GEN,33,IND,146,14,,,,,,,,
U05,NCT OF Delhi,2,2015,NORTH EAST                    ,65,SEELAMPUR,GEN,SARFARAJ,M,GEN,42,IND,114,16,,,,,,,,
U05,NCT OF Delhi,2,2015,NORTH EAST                    ,65,SEELAMPUR,GEN,AKBAR MALIK,M,GEN,28,IND,71,17,,,,,,,,
U05,NCT OF Delhi,2,2015,NORTH EAST                    ,66,GHONDA,GEN,SHRI DUTT SHARMA,M,GEN,54,AAAP,60906,1,,,,,,,,
U05,NCT OF Delhi,2,2015,NORTH EAST                    ,66,GHONDA,GEN,SAHAB SINGH CHAUHAN,M,GEN,65,BJP,52813,2,,,,,,,,
U05,NCT OF Delhi,2,2015,NORTH EAST                    ,66,GHONDA,GEN,BHISHAM SHARMA,M,GEN,54,INC,18892,6,,,,,,,,
U05,NCT OF Delhi,2,2015,NORTH EAST                    ,66,GHONDA,GEN,RANJEET SINGH CHAUDHARY,M,GEN,44,BSP,1314,10,,,,,,,,
U05,NCT OF Delhi,2,2015,NORTH EAST                    ,66,GHONDA,GEN,ALTAF HUSAIN,M,GEN,41,JD(U),770,11,,,,,,,,
U05,NCT OF Delhi,2,2015,NORTH EAST                    ,66,GHONDA,GEN,None of the Above,NULL,NULL,NULL,NOTA,500,13,,,,,,,,
U05,NCT OF Delhi,2,2015,NORTH EAST                    ,66,GHONDA,GEN,RAJIV KUMAR,M,GEN,47,SASAPT,150,17,,,,,,,,
U05,NCT OF Delhi,2,2015,NORTH EAST                    ,66,GHONDA,GEN,NAVEEN TIWARI,M,GEN,32,SHS,129,20,,,,,,,,
U05,NCT OF Delhi,2,2015,NORTH EAST                    ,67,BABARPUR,GEN,GOPAL RAI,M,GEN,39,AAAP,76179,1,,,,,,,,
U05,NCT OF Delhi,2,2015,NORTH EAST                    ,67,BABARPUR,GEN,NARESH GAUR,M,GEN,63,BJP,40908,2,,,,,,,,
U05,NCT OF Delhi,2,2015,NORTH EAST                    ,67,BABARPUR,GEN,ZAKIR KHAN,M,GEN,42,INC,9952,7,,,,,,,,
U05,NCT OF Delhi,2,2015,NORTH EAST                    ,67,BABARPUR,GEN,MOHD ABDUL HAQ,M,GEN,31,BSP,765,12,,,,,,,,
U05,NCT OF Delhi,2,2015,NORTH EAST                    ,67,BABARPUR,GEN,None of the Above,NULL,NULL,NULL,NOTA,290,14,,,,,,,,
U05,NCT OF Delhi,2,2015,NORTH EAST                    ,67,BABARPUR,GEN,MOHD SHAHIN,M,GEN,32,IND,149,16,,,,,,,,
U05,NCT OF Delhi,2,2015,NORTH EAST                    ,67,BABARPUR,GEN,ANIL KUMAR SHARMA,M,GEN,44,RBCP,142,17,,,,,,,,
U05,NCT OF Delhi,2,2015,NORTH EAST                    ,67,BABARPUR,GEN,KESAR,F,GEN,35,PECP,96,20,,,,,,,,
U05,NCT OF Delhi,2,2015,NORTH EAST                    ,67,BABARPUR,GEN,PRADEEP JAIN,M,GEN,45,IND,89,21,,,,,,,,
U05,NCT OF Delhi,2,2015,NORTH EAST                    ,67,BABARPUR,GEN,ARUN THAKUR,M,GEN,39,SPP,62,22,,,,,,,,
U05,NCT OF Delhi,2,2015,NORTH EAST                    ,67,BABARPUR,GEN,NADEEM AHMAD,M,GEN,39,IND,52,23,,,,,,,,
U05,NCT OF Delhi,2,2015,NORTH EAST                    ,67,BABARPUR,GEN,"MOHD, NAZIR",M,GEN,41,AaSaP,51,24,,,,,,,,
U05,NCT OF Delhi,2,2015,NORTH EAST                    ,67,BABARPUR,GEN,MOHD ARIF,M,GEN,63,IND,44,25,,,,,,,,
U05,NCT OF Delhi,2,2015,NORTH EAST                    ,67,BABARPUR,GEN,FAZUL RAHMAN,M,GEN,44,IND,43,26,,,,,,,,
U05,NCT OF Delhi,2,2015,NORTH EAST                    ,68,GOKALPUR,SC,FATEH SINGH,M,SC,51,AAAP,71240,1,,,,,,,,
U05,NCT OF Delhi,2,2015,NORTH EAST                    ,68,GOKALPUR,SC,RANJEET SINGH,M,SC,43,BJP,39272,2,,,,,,,,
U05,NCT OF Delhi,2,2015,NORTH EAST                    ,68,GOKALPUR,SC,SURENDRA KUMAR,M,SC,47,BSP,30080,5,,,,,,,,
U05,NCT OF Delhi,2,2015,NORTH EAST                    ,68,GOKALPUR,SC,KU. RINKU,F,SC,40,INC,3344,9,,,,,,,,
U05,NCT OF Delhi,2,2015,NORTH EAST                    ,68,GOKALPUR,SC,MANGE RAM,M,SC,66,BaSaPa,1241,11,,,,,,,,
U05,NCT OF Delhi,2,2015,NORTH EAST                    ,68,GOKALPUR,SC,None of the Above,NULL,NULL,NULL,NOTA,526,13,,,,,,,,
U05,NCT OF Delhi,2,2015,NORTH EAST                    ,68,GOKALPUR,SC,MANOJ KUMAR,M,SC,28,GaRPa,384,14,,,,,,,,
U05,NCT OF Delhi,2,2015,NORTH EAST                    ,68,GOKALPUR,SC,VEER PAL SINGH,M,SC,44,IND,153,19,,,,,,,,
U05,NCT OF Delhi,2,2015,NORTH EAST                    ,69,MUSTAFABAD,GEN,JAGDISH PRADHAN,M,GEN,61,BJP,58388,1,,,,,,,,
U05,NCT OF Delhi,2,2015,NORTH EAST                    ,69,MUSTAFABAD,GEN,HASAN AHMED,M,GEN,62,INC,52357,4,,,,,,,,
U05,NCT OF Delhi,2,2015,NORTH EAST                    ,69,MUSTAFABAD,GEN,MOHD YUNUS,M,GEN,50,AAAP,49791,5,,,,,,,,
U05,NCT OF Delhi,2,2015,NORTH EAST                    ,69,MUSTAFABAD,GEN,NEERU CHAUDHARY,F,GEN,38,BSP,2893,9,,,,,,,,
U05,NCT OF Delhi,2,2015,NORTH EAST                    ,69,MUSTAFABAD,GEN,None of the Above,NULL,NULL,NULL,NOTA,587,13,,,,,,,,
U05,NCT OF Delhi,2,2015,NORTH EAST                    ,69,MUSTAFABAD,GEN,ALI ABBAS,M,GEN,35,HCP,418,14,,,,,,,,
U05,NCT OF Delhi,2,2015,NORTH EAST                    ,69,MUSTAFABAD,GEN,SHER KHA MALIK,M,GEN,48,IND,399,15,,,,,,,,
U05,NCT OF Delhi,2,2015,NORTH EAST                    ,69,MUSTAFABAD,GEN,JAI SINGH CHAUDHARY,M,GEN,32,IND,169,18,,,,,,,,
U05,NCT OF Delhi,2,2015,NORTH EAST                    ,69,MUSTAFABAD,GEN,SARFUDDIN,M,GEN,33,GaAP,138,22,,,,,,,,
U05,NCT OF Delhi,2,2015,NORTH EAST                    ,69,MUSTAFABAD,GEN,KALI CHARAN,M,GEN,51,IND,129,23,,,,,,,,
U05,NCT OF Delhi,2,2015,NORTH EAST                    ,70,KARAWAL NAGAR,GEN,KAPIL MISHRA,M,GEN,34,AAAP,101865,1,,,,,,,,
U05,NCT OF Delhi,2,2015,NORTH EAST                    ,70,KARAWAL NAGAR,GEN,MOHAN SINGH BISHT,M,GEN,57,BJP,57434,2,,,,,,,,
U05,NCT OF Delhi,2,2015,NORTH EAST                    ,70,KARAWAL NAGAR,GEN,SATAN PAL DAYMA,M,GEN,51,INC,5362,7,,,,,,,,
U05,NCT OF Delhi,2,2015,NORTH EAST                    ,70,KARAWAL NAGAR,GEN,DHARMENDRA SINGH,M,GEN,45,BSP,2202,9,,,,,,,,
U05,NCT OF Delhi,2,2015,NORTH EAST                    ,70,KARAWAL NAGAR,GEN,None of the Above,NULL,NULL,NULL,NOTA,888,12,,,,,,,,
U05,NCT OF Delhi,2,2015,NORTH EAST                    ,70,KARAWAL NAGAR,GEN,RANJIT TIWARI,M,GEN,43,CPM,712,13,,,,,,,,
U05,NCT OF Delhi,2,2015,NORTH EAST                    ,70,KARAWAL NAGAR,GEN,SUNDER SINGH DEDHA,M,GEN,48,IND,696,14,,,,,,,,
U05,NCT OF Delhi,2,2015,NORTH EAST                    ,70,KARAWAL NAGAR,GEN,DHARM DASS,M,GEN,59,RBHP,279,18,,,,,,,,
U05,NCT OF Delhi,2,2015,NORTH EAST                    ,70,KARAWAL NAGAR,GEN,JOGINDER SINGH,M,GEN,38,IND,211,20,,,,,,,,
U05,NCT OF Delhi,2,2015,NORTH EAST                    ,70,KARAWAL NAGAR,GEN,SHYAM PAL SINGH,M,GEN,47,NAPt,151,22,,,,,,,,
U05,NCT OF Delhi,2,2015,NORTH EAST                    ,70,KARAWAL NAGAR,GEN,SARYUG NARYAN,M,GEN,54,SASAPT,146,23,,,,,,,,
U05,NCT OF Delhi,2,2015,NORTH EAST                    ,70,KARAWAL NAGAR,GEN,ANIL KUMAR,M,GEN,43,ASSP,144,24,,,,,,,,
U05,NCT OF Delhi,2,2015,NORTH EAST                    ,70,KARAWAL NAGAR,GEN,PRAHLAD KUMAR GUPTA,M,GEN,40,HND,115,26,,,,,,,,
,,,,,,,,,,,,,,,,,,,,,,
,,,,,,,,,,,,,,,,,,,,,,
,,,,,,,,,,,,,,,,,VW_EveryCandInfoIC_Rank,,,,,
,,,,,,,,,,,,,,,,,,,,,,
,,,,,,,,,,,,,,,,,,,,,,
