ST_CODE,ST_NAME,AC_NO,AC_NAME,CANDIDATE,CANDIDATE_SEX,CANDIDATE_AGE,CANDIDATE_CATEGORY,PARTY,VOTES
S27,Jharkhand,1,Rajmahal,Anant Kumar Ojha,MALE,46,GENERAL,BJP,88904
S27,Jharkhand,1,Rajmahal,Md. Tajuddin,MALE,46,GENERAL,AJSUP,76532
S27,Jharkhand,1,Rajmahal,Ketabuddin Sekh,MALE,36,GENERAL,JMM,24619
S27,Jharkhand,1,Rajmahal,Pradip Kumar Singh,MALE,43,GENERAL,BSP,3826
S27,Jharkhand,1,Rajmahal,Gopal Chandra Mandal,MALE,53,GENERAL,IND,2617
S27,Jharkhand,1,Rajmahal,Nitya Nand Gupta,MALE,39,GENERAL,IND,2614
S27,Jharkhand,1,Rajmahal,Rajkishor Yadav,MALE,46,GENERAL,IND,1421
S27,Jharkhand,1,Rajmahal,Pranjit Kumar,MALE,52,GENERAL,IND,1348
S27,Jharkhand,1,Rajmahal,avindra Prasad Sah,MALE,40,GENERAL,IND,901
S27,Jharkhand,1,Rajmahal,NASIMA KHANAM,FEMALE,44,GENERAL,AIMIM,862
S27,Jharkhand,1,Rajmahal,Nand Lal Sah,MALE,50,GENERAL,IND,809
S27,Jharkhand,1,Rajmahal,Col. Bhagwan Yadav,MALE,64,GENERAL,RPPRINAT,599
S27,Jharkhand,1,Rajmahal,Rajkumar Yadav,MALE,48,GENERAL,JVM,594
S27,Jharkhand,1,Rajmahal,Ajay Kuamr Das,MALE,35,GENERAL,IND,577
S27,Jharkhand,1,Rajmahal,Sheo Prasad Thakur,MALE,77,GENERAL,IND,554
S27,Jharkhand,1,Rajmahal,Ramsagar Singh,MALE,52,GENERAL,RJBP,552
S27,Jharkhand,1,Rajmahal,Sanjay Kumar Mandal(Bachu),MALE,46,GENERAL,LJP,520
S27,Jharkhand,1,Rajmahal,Rameshwar Mandal,MALE,62,GENERAL,PPID,407
S27,Jharkhand,1,Rajmahal,Sanjay Kr. Pandey,MALE,54,GENERAL,SHS,334
S27,Jharkhand,1,Rajmahal,Binod Kumar Yadav,MALE,41,GENERAL,IND,306
S27,Jharkhand,1,Rajmahal,Saddam Hussain Advocate,MALE,27,GENERAL,IND,262
S27,Jharkhand,1,Rajmahal,Rajesh Mandal,MALE,34,GENERAL,IND,220
S27,Jharkhand,1,Rajmahal,Md Nawab Sheakh,MALE,47,GENERAL,RKSP,195
S27,Jharkhand,2,Borio,Lobin Hembrom,MALE,68,ST,JMM,77365
S27,Jharkhand,2,Borio,Surya Narayan Hansada,MALE,39,ST,BJP,59441
S27,Jharkhand,2,Borio,Tala Marandi,MALE,58,ST,AJSUP,8955
S27,Jharkhand,2,Borio,Sonaram Madaiya,MALE,57,ST,CPI,2705
S27,Jharkhand,2,Borio,Lukas Hansda,MALE,47,ST,JD(U),2181
S27,Jharkhand,2,Borio,Lakhan Pahadiya,MALE,30,ST,BSP,1960
S27,Jharkhand,2,Borio,Manoj Tudu,MALE,34,ST,PPID,1584
S27,Jharkhand,2,Borio,9 Tala Hansda,MALE,45,ST,IND,1435
S27,Jharkhand,2,Borio,Babu Ram Murmu,MALE,67,ST,JVM,1355
S27,Jharkhand,2,Borio,11 Paulus	Murmu,MALE,41,ST,IND,1208
S27,Jharkhand,2,Borio,Goresti Soren,FEMALE,30,ST,RTMP,1199
S27,Jharkhand,2,Borio,Bipin Kisku,MALE,26,ST,AITC,1157
S27,Jharkhand,3,Barhait,HEMANT SOREN,MALE,42,ST,JMM,73725
S27,Jharkhand,3,Barhait,SIMON MALTO,MALE,50,ST,BJP,47985
S27,Jharkhand,3,Barhait,HOPNA TUDU,MALE,47,ST,JVM,2622
S27,Jharkhand,3,Barhait,GAMLIYEL HEMBROM,MALE,25,ST,AJSUP,2573
S27,Jharkhand,3,Barhait,SAMUEL KUMAR MARAIYA,MALE,30,ST,LJP,1844
S27,Jharkhand,3,Barhait,LILI HANSDA,FEMALE,34,ST,IND,1302
S27,Jharkhand,3,Barhait,BARNARD HEMBROM,MALE,47,ST,IND,1209
S27,Jharkhand,3,Barhait,9 MARY NISHA HANSDAK,FEMALE,35,ST,IND,971
S27,Jharkhand,3,Barhait,SHEELA TUDU,FEMALE,33,ST,AITC,891
S27,Jharkhand,3,Barhait,11 CHANDU SOREN,MALE,57,ST,PPID,795
S27,Jharkhand,3,Barhait,BAIDHNATH PAHADIYA,MALE,31,ST,BSP,747
S27,Jharkhand,3,Barhait,KUNAL KANT TUDU,MALE,34,ST,SHS,592
S27,Jharkhand,4,Littipara,Dinesh William Marandi,MALE,34,ST,JMM,66675
S27,Jharkhand,4,Littipara,Daniel Kisku,MALE,44,ST,BJP,52772
S27,Jharkhand,4,Littipara,Raska Hembram,MALE,44,ST,JVM,7195
S27,Jharkhand,4,Littipara,Devendra Dehri,MALE,48,ST,CPIM,5244
S27,Jharkhand,4,Littipara,Shivcharan Malto,MALE,46,ST,AITC,2604
S27,Jharkhand,4,Littipara,Mark Baskey,MALE,26,ST,IND,1691
S27,Jharkhand,4,Littipara,Rajeev Malto,MALE,51,ST,IND,1595
S27,Jharkhand,4,Littipara,9 Fulmuni Marandi,FEMALE,42,ST,IND,1115
S27,Jharkhand,4,Littipara,Dipak Prakash Maraya,MALE,35,ST,IND,766
S27,Jharkhand,4,Littipara,11 Gupin Hembrom,MALE,37,ST,LJP,700
S27,Jharkhand,4,Littipara,ISHWAR MARANDI,MALE,41,ST,JD(U),614
S27,Jharkhand,5,Pakur,ALAMGIR ALAM,MALE,69,GENERAL,INC,128218
S27,Jharkhand,5,Pakur,VENI PRASAD GUPTA,MALE,73,GENERAL,BJP,63110
S27,Jharkhand,5,Pakur,AQUIL AKHTAR,MALE,54,GENERAL,AJSUP,39444
S27,Jharkhand,5,Pakur,MD. IQBAL,MALE,69,GENERAL,CPIM,3394
S27,Jharkhand,5,Pakur,ALFRED EDWARD SOREN,MALE,28,ST,IND,3073
S27,Jharkhand,5,Pakur,ASRAFUL SHEKH,MALE,36,GENERAL,AITC,1886
S27,Jharkhand,5,Pakur,QAMRUDDIN ANSARI,MALE,36,GENERAL,JVM,1874
S27,Jharkhand,5,Pakur,9 PANCHANAN THAKUR,MALE,46,GENERAL,JP,1239
S27,Jharkhand,5,Pakur,SURJI DEVI,FEMALE,35,GENERAL,SHS,1083
S27,Jharkhand,5,Pakur,11 SAKIR AHMAD,MALE,41,GENERAL,LJP,689
S27,Jharkhand,5,Pakur,SHYAM CHAND MANDAL,MALE,65,GENERAL,AIFB,573
S27,Jharkhand,6,Maheshpur,STEPHEN MARANDI,MALE,66,ST,JMM,89197
S27,Jharkhand,6,Maheshpur,MISTRY SOREN,MALE,50,ST,BJP,55091
S27,Jharkhand,6,Maheshpur,GOPIN SOREN,MALE,56,ST,CPIM,5176
S27,Jharkhand,6,Maheshpur,SHIVDHAN HEMBROM,MALE,63,ST,JVM,2860
S27,Jharkhand,6,Maheshpur,SUPHAL MARANDI,MALE,65,ST,AJSUP,2706
S27,Jharkhand,6,Maheshpur,STEFAN MARANDI,MALE,43,ST,IND,1551
S27,Jharkhand,6,Maheshpur,ORIGANESH HEMBROM,MALE,44,ST,JKPP,1360
S27,Jharkhand,6,Maheshpur,9 JANTU SOREN,MALE,41,ST,JD(U),1237
S27,Jharkhand,6,Maheshpur,SHANKAR PAHARIYA,MALE,27,ST,BSP,1175
S27,Jharkhand,6,Maheshpur,11 ELIAS KISKU,MALE,27,ST,IND,1101
S27,Jharkhand,6,Maheshpur,SAIMAN MURMU,MALE,42,ST,AITC,1048
S27,Jharkhand,6,Maheshpur,SAUL HANSDA,MALE,40,ST,IND,925
S27,Jharkhand,7,Shikaripara,NALIN SOREN,MALE,71,ST,JMM,79400
S27,Jharkhand,7,Shikaripara,PARITOSH SOREN,MALE,47,ST,BJP,49929
S27,Jharkhand,7,Shikaripara,RAJESH MURMU,MALE,37,ST,JVM,5164
S27,Jharkhand,7,Shikaripara,SALKHAN MURMU,MALE,67,ST,JD(U),4445
S27,Jharkhand,7,Shikaripara,HABIL MURMU,MALE,40,ST,IND,2375
S27,Jharkhand,7,Shikaripara,MUNNI HANSDA,FEMALE,50,ST,AITC,1950
S27,Jharkhand,7,Shikaripara,STEPHAN BESRA,MALE,48,ST,IND,1830
S27,Jharkhand,7,Shikaripara,9 SHYAM MARANDI,MALE,40,ST,AJSUP,1044
S27,Jharkhand,7,Shikaripara,SUNIL KUMAR MARANDI,MALE,41,ST,JKPP,791
S27,Jharkhand,7,Shikaripara,11 GANESH SOREN,MALE,28,ST,IND,762
S27,Jharkhand,7,Shikaripara,SHIVDHAN MURMU,MALE,56,ST,LJP,735
S27,Jharkhand,7,Shikaripara,REKHA HEMBROM,FEMALE,32,ST,RJBP,588
S27,Jharkhand,7,Shikaripara,DEBU DEHRI,MALE,38,ST,JKKP,468
S27,Jharkhand,8,Nala,RABINDRA NATH MAHATO,MALE,60,GENERAL,JMM,61356
S27,Jharkhand,8,Nala,SATYANAND JHA,MALE,64,GENERAL,BJP,57836
S27,Jharkhand,8,Nala,KANAI CHANDRA MALPAHRIA,MALE,52,GENERAL,CPI,21394
S27,Jharkhand,8,Nala,MADHAV CHANDRA MAHTO,MALE,60,GENERAL,AJSUP,16778
S27,Jharkhand,8,Nala,PUSHPA SOREN,FEMALE,49,ST,JVM,2592
S27,Jharkhand,8,Nala,AMIT KUMAR CHALAK,MALE,30,SC,LJP,2020
S27,Jharkhand,8,Nala,SANTOSH HEMBRAM,MALE,42,ST,IND,1769
S27,Jharkhand,8,Nala,GUNADHAR MONDAL,MALE,47,GENERAL,BRRTD,1693
S27,Jharkhand,8,Nala,9 HEM KANT THAKUR,MALE,65,GENERAL,AAAP,1692
S27,Jharkhand,8,Nala,MAHADEV KISKU,MALE,61,ST,APoI,1587
S27,Jharkhand,8,Nala,11 JAYANT BANARJI,MALE,44,GENERAL,LOKJANP,1418
S27,Jharkhand,8,Nala,JOBA RANI PAL,FEMALE,37,GENERAL,AITC,1107
S27,Jharkhand,8,Nala,PRAVEEN PRABHAKAR,MALE,51,GENERAL,NPEP,987
S27,Jharkhand,8,Nala,SANTOSH KUMAR SIL,MALE,48,GENERAL,JD(U),960
S27,Jharkhand,8,Nala,KANCHAN GOPAL MANDAL,MALE,62,GENERAL,BSP,880
S27,Jharkhand,8,Nala,SANTOSH KUMAR YADAV,MALE,43,GENERAL,BLRP,792
S27,Jharkhand,9,Jamtara,IRFAN ANSARI,MALE,44,GENERAL,INC,112829
S27,Jharkhand,9,Jamtara,BIRENDRA MANDAL,MALE,44,GENERAL,BJP,74088
S27,Jharkhand,9,Jamtara,TARUN KUMAR GUPTA,MALE,52,GENERAL,IND,6219
S27,Jharkhand,9,Jamtara,CHAMELI DEVI,FEMALE,54,GENERAL,AJSUP,4780
S27,Jharkhand,9,Jamtara,SANJAY PAHAN,MALE,42,GENERAL,IND,3407
S27,Jharkhand,9,Jamtara,ABDUL MANNAN ANSARI,MALE,44,GENERAL,JVM,1646
S27,Jharkhand,9,Jamtara,MD. ANWAR ANSARI,MALE,32,GENERAL,IND,1549
S27,Jharkhand,9,Jamtara,9 JIVLAL MARANDI,MALE,35,ST,IND,1537
S27,Jharkhand,9,Jamtara,EHTESAMUL MIRZA,MALE,40,GENERAL,SP,983
S27,Jharkhand,9,Jamtara,11 ARIF ANSARI,MALE,37,GENERAL,BSP,870
S27,Jharkhand,9,Jamtara,SUNITA HANSDA,FEMALE,46,GENERAL,RTMP,629
S27,Jharkhand,9,Jamtara,MD. MUSTAK,MALE,41,GENERAL,LOKJANP,448
S27,Jharkhand,9,Jamtara,BALESHWAR MANDAL,MALE,31,GENERAL,LJP,435
S27,Jharkhand,10,Dumka,HEMANT SOREN,MALE,42,ST,JMM,81007
S27,Jharkhand,10,Dumka,LOIS MARANDI,FEMALE,54,ST,BJP,67819
S27,Jharkhand,10,Dumka,ANJULA MURMU,FEMALE,39,ST,JVM,3156
S27,Jharkhand,10,Dumka,MARSHAL RISHIRAJ TUDU,MALE,44,ST,JD(U),2409
S27,Jharkhand,10,Dumka,RAMCHANDRA MURMU,MALE,29,ST,LOKJANP,1530
S27,Jharkhand,10,Dumka,RAMCHARAN SINGH,MALE,42,ST,IND,1524
S27,Jharkhand,10,Dumka,SANJAY TUDU,MALE,32,ST,IND,1124
S27,Jharkhand,10,Dumka,9 DEVID TUDU,MALE,50,ST,JMM(U),1102
S27,Jharkhand,10,Dumka,DR. SRILAL KISKU,MALE,60,ST,IND,1026
S27,Jharkhand,10,Dumka,11 ABINASH TUDU,MALE,29,ST,CPI,918
S27,Jharkhand,10,Dumka,MUKESH KUMAR DEHARI,MALE,31,ST,BSP,721
S27,Jharkhand,10,Dumka,MOHRIL MURMU,MALE,70,ST,LJP,715
S27,Jharkhand,10,Dumka,MIRU HANSDA,FEMALE,42,ST,AAAP,461
S27,Jharkhand,11,Jama,SITA MURMU,FEMALE,44,ST,JMM,60925
S27,Jharkhand,11,Jama,SURESH MURMU,MALE,45,ST,BJP,58499
S27,Jharkhand,11,Jama,ARJUN MARANDI,MALE,50,ST,JVM,5897
S27,Jharkhand,11,Jama,BONEL KISKU,MALE,49,ST,IND,4152
S27,Jharkhand,11,Jama,STEFFY TERESA MURMU,FEMALE,39,ST,AJSUP,3351
S27,Jharkhand,11,Jama,MANUEL MURMU,MALE,25,ST,IND,2509
S27,Jharkhand,11,Jama,BARISH MURMU,MALE,58,ST,IND,1330
S27,Jharkhand,11,Jama,9 ARJUN PUJHAR,MALE,44,ST,BSP,1317
S27,Jharkhand,11,Jama,RASHIK MARANDI,MALE,29,ST,IND,872
S27,Jharkhand,11,Jama,11 DAMODAR GRIHI,MALE,39,ST,IND,726
S27,Jharkhand,11,Jama,DEVENDRA TUDU,MALE,64,ST,IND,657
S27,Jharkhand,11,Jama,CHANDAN MURMU,MALE,59,ST,IND,492
S27,Jharkhand,11,Jama,FRANCIS MURMU,MALE,32,ST,LJP,430
S27,Jharkhand,11,Jama,DANIEL MURMU,MALE,49,ST,IND,422
S27,Jharkhand,11,Jama,KALI CHARAN PAHARIA,MALE,45,ST,IND,341
S27,Jharkhand,12,Jarmundi,BADAL,MALE,43,GENERAL,INC,52507
S27,Jharkhand,12,Jarmundi,DEVENDRA KUNWAR,MALE,68,GENERAL,BJP,49408
S27,Jharkhand,12,Jarmundi,FULKUMARI DEVI,FEMALE,39,GENERAL,IND,17313
S27,Jharkhand,12,Jarmundi,SANJAY KUMAR,MALE,55,GENERAL,JVM,9242
S27,Jharkhand,12,Jarmundi,SITA RAM PATHAK,MALE,50,GENERAL,IND,3989
S27,Jharkhand,12,Jarmundi,TARNI PRASAD KAMAT,MALE,68,GENERAL,IND,3491
S27,Jharkhand,12,Jarmundi,BISHWANATH RAY,MALE,42,GENERAL,IND,3480
S27,Jharkhand,12,Jarmundi,AMRENDRA KUMAR YADAV,MALE,40,GENERAL,IND,3172
S27,Jharkhand,12,Jarmundi,9 MOHAMMAD RAZI AHMAD,MALE,30,GENERAL,IUML,2326
S27,Jharkhand,12,Jarmundi,BIRENDRA PRADHAN,MALE,60,GENERAL,LJP,1887
S27,Jharkhand,12,Jarmundi,11 SANJAYANAND JHA,MALE,48,GENERAL,BSP,1837
S27,Jharkhand,12,Jarmundi,DILIP KUMAR DUBEY,MALE,41,GENERAL,IND,1552
S27,Jharkhand,12,Jarmundi,MAHADEV YADAV,MALE,38,GENERAL,AITC,1531
S27,Jharkhand,12,Jarmundi,MURARI KAPRI,MALE,32,GENERAL,HAMS,1343
S27,Jharkhand,12,Jarmundi,SHEKHAR SUMAN,MALE,34,GENERAL,IND,1291
S27,Jharkhand,12,Jarmundi,TIKESHWAR YADAV,MALE,70,GENERAL,SP,1018
S27,Jharkhand,12,Jarmundi,HANIF MIYAN,MALE,59,GENERAL,IND,975
S27,Jharkhand,12,Jarmundi,JITENDRA KUMAR BARNWAL,MALE,35,GENERAL,MCO,869
S27,Jharkhand,12,Jarmundi,SUSHILA DEVI,FEMALE,51,GENERAL,IND,692
S27,Jharkhand,12,Jarmundi,ARPANA KUMARI,FEMALE,32,GENERAL,JD(U),669
S27,Jharkhand,12,Jarmundi,RAM JIVAN MANDAL,MALE,47,GENERAL,IND,643
S27,Jharkhand,12,Jarmundi,RAJIV RANJAN MAHTO,MALE,52,GENERAL,IND,526
S27,Jharkhand,12,Jarmundi,CHANDAN KUMAR VERMA,MALE,25,GENERAL,BALP,499
S27,Jharkhand,12,Jarmundi,BABITA RAO PATEL,FEMALE,42,GENERAL,SAP,485
S27,Jharkhand,12,Jarmundi,JAY NARAYAN MANDAL,MALE,60,GENERAL,JKPP,467
S27,Jharkhand,12,Jarmundi,RAM PRIT RAJAK,MALE,77,GENERAL,IND,290
S27,Jharkhand,13,Madhupur,Haji Hussain Ansari,MALE,70,GENERAL,JMM,88115
S27,Jharkhand,13,Madhupur,Raj Paliwar,MALE,51,GENERAL,BJP,65046
S27,Jharkhand,13,Madhupur,Ganga Narayan Ray,MALE,40,GENERAL,AJSUP,45620
S27,Jharkhand,13,Madhupur,Md. Ikbal,MALE,45,GENERAL,AIMIM,9866
S27,Jharkhand,13,Madhupur,Sahim Khan,MALE,52,GENERAL,JVM,4222
S27,Jharkhand,13,Madhupur,Budhdev Murmu,MALE,52,ST,IND,2241
S27,Jharkhand,13,Madhupur,Sanjay Kumar Singh,MALE,50,GENERAL,BSP,2038
S27,Jharkhand,13,Madhupur,9 Pulis Mandal,MALE,64,GENERAL,BALP,1616
S27,Jharkhand,13,Madhupur,Sahud Mian,MALE,48,GENERAL,HAMS,1614
S27,Jharkhand,13,Madhupur,11 Raghupti Pandit,MALE,41,GENERAL,MCO,1219
S27,Jharkhand,13,Madhupur,Hare Krishna Ray,MALE,54,GENERAL,AITC,1172
S27,Jharkhand,13,Madhupur,Vijay Raj Solanki,MALE,34,GENERAL,BLokSP,1138
S27,Jharkhand,13,Madhupur,Panchu Rawani,MALE,38,GENERAL,SP,1064
S27,Jharkhand,14,Sarath,Randhir Kumar Singh,MALE,45,GENERAL,BJP,90895
S27,Jharkhand,14,Sarath,Uday Shankar Singh,MALE,64,GENERAL,JVM,62175
S27,Jharkhand,14,Sarath,Parimal Kumar Singh,MALE,51,GENERAL,JMM,25482
S27,Jharkhand,14,Sarath,Mumtaj Ansari,MALE,36,GENERAL,AIMIM,12830
S27,Jharkhand,14,Sarath,Pinki Kumari,FEMALE,25,GENERAL,IND,5666
S27,Jharkhand,14,Sarath,Israel Ansari,MALE,49,GENERAL,IND,2912
S27,Jharkhand,14,Sarath,Mamleshwar Prasad Singh,MALE,52,GENERAL,IND,1656
S27,Jharkhand,14,Sarath,Firoj Miyan,MALE,40,GENERAL,AJSUP,1378
S27,Jharkhand,14,Sarath,9 Sirajuddin Ansari,MALE,43,GENERAL,IND,1338
S27,Jharkhand,14,Sarath,Upendra nath Mandal,MALE,46,GENERAL,AAAP,1229
S27,Jharkhand,14,Sarath,11 Ashok Kumar Mandal,MALE,36,GENERAL,IND,1181
S27,Jharkhand,14,Sarath,Godawari Mandal,MALE,46,GENERAL,IND,1013
S27,Jharkhand,14,Sarath,Kumar Rajeev Ranjan,MALE,29,GENERAL,LJP,748
S27,Jharkhand,14,Sarath,Girish Kumar Mishr,MALE,46,GENERAL,IND,709
S27,Jharkhand,14,Sarath,Shabbir Hussain,MALE,33,GENERAL,RJBP,684
S27,Jharkhand,14,Sarath,Shibeshwar Besra,MALE,61,ST,JKPP,671
S27,Jharkhand,14,Sarath,Binod Thakur,MALE,43,GENERAL,SP,624
S27,Jharkhand,14,Sarath,Mukesh Hajari,MALE,31,GENERAL,IND,538
S27,Jharkhand,14,Sarath,Ranjit Kumar Pandit,MALE,26,GENERAL,IND,518
S27,Jharkhand,14,Sarath,Niranjan Hajra,MALE,41,GENERAL,BALP,424
S27,Jharkhand,14,Sarath,Sukumar Mandal,MALE,38,GENERAL,IND,326
S27,Jharkhand,15,Deoghar,NARAYAN DAS,MALE,53,SC,BJP,95491
S27,Jharkhand,15,Deoghar,SURESH PASWAN,MALE,54,SC,RJD,92867
S27,Jharkhand,15,Deoghar,NIRMALA BHARTI,FEMALE,38,SC,JVM,9970
S27,Jharkhand,15,Deoghar,BAJRANGI MAHTHA,MALE,34,SC,LJP,6394
S27,Jharkhand,15,Deoghar,SANTOSH PASWAN,MALE,46,SC,AJSUP,4528
S27,Jharkhand,15,Deoghar,GONDA LAL DAS,MALE,48,SC,IND,4012
S27,Jharkhand,15,Deoghar,CHANDRASHEKHAR RAJAK,MALE,33,SC,BSP,3269
S27,Jharkhand,15,Deoghar,9 BASANT KUMAR ANAND,MALE,46,SC,BMUP,3062
S27,Jharkhand,15,Deoghar,GOVIND DAS,MALE,48,SC,JD(U),2576
S27,Jharkhand,15,Deoghar,11 SHAMBHU TURI,MALE,27,SC,CPI(ML)(L),2493
S27,Jharkhand,15,Deoghar,MAHESH KUMAR SUMAN,MALE,56,SC,BDlP,1556
S27,Jharkhand,15,Deoghar,NAKUL DAS,MALE,59,SC,AIFB,1266
S27,Jharkhand,16,Poreyahat,PRADEEP YADAV,MALE,53,GENERAL,JVM,77358
S27,Jharkhand,16,Poreyahat,GAJADHAR SINGH,MALE,54,GENERAL,BJP,63761
S27,Jharkhand,16,Poreyahat,ASHOK KUMAR,MALE,48,GENERAL,JMM,34745
S27,Jharkhand,16,Poreyahat,SIMON MARANDI,MALE,44,ST,IND,3061
S27,Jharkhand,16,Poreyahat,MUHAMMAD ANSARI,MALE,25,GENERAL,BNJD,1833
S27,Jharkhand,16,Poreyahat,SANJAY KUMAR SINHA,MALE,46,GENERAL,BDlP,1648
S27,Jharkhand,16,Poreyahat,UMESH MISHRA,MALE,35,GENERAL,BSP,1639
S27,Jharkhand,16,Poreyahat,9 PRADIP THAKUR,MALE,39,GENERAL,RTSMJD,1539
S27,Jharkhand,17,Godda,Amit Kumar Mandal,MALE,34,GENERAL,BJP,87578
S27,Jharkhand,17,Godda,Sanjay Prasad Yadav,MALE,46,GENERAL,RJD,83066
S27,Jharkhand,17,Godda,Ravindra Mahto,MALE,44,GENERAL,JD(U),6417
S27,Jharkhand,17,Godda,Phool Kumari,FEMALE,41,GENERAL,JVM,1728
S27,Jharkhand,17,Godda,Noor Hassan,MALE,47,GENERAL,PECP,1708
S27,Jharkhand,17,Godda,Awadhesh Kumar Singh,MALE,35,GENERAL,AJSUP,1596
S27,Jharkhand,17,Godda,Rabindra Shankar Mishra,MALE,41,GENERAL,AAAP,1019
S27,Jharkhand,17,Godda,9 Pradip Kumar Pandit,MALE,36,GENERAL,BSP,985
S27,Jharkhand,17,Godda,Babita Devi,FEMALE,43,SC,NCP,899
S27,Jharkhand,17,Godda,11 Pritam Singh,MALE,31,GENERAL,IND,895
S27,Jharkhand,17,Godda,Anil Kumar Mahto,MALE,34,GENERAL,AMB,834
S27,Jharkhand,17,Godda,Ritesh Singh,MALE,42,GENERAL,IND,813
S27,Jharkhand,17,Godda,Pritam Kumar Gadia,MALE,36,GENERAL,IND,624
S27,Jharkhand,17,Godda,Gyaneshwar Jha,MALE,56,GENERAL,JRJP,585
S27,Jharkhand,18,Mahagama,Deepika Pandey Singh,FEMALE,44,GENERAL,INC,89224
S27,Jharkhand,18,Mahagama,ASHOK KUMAR,MALE,54,GENERAL,BJP,76725
S27,Jharkhand,18,Mahagama,Ashok Kumar Singh,MALE,54,GENERAL,AIMIM,5719
S27,Jharkhand,18,Mahagama,Gouri Priya,FEMALE,36,GENERAL,IND,4136
S27,Jharkhand,18,Mahagama,Ashok Sah,MALE,42,GENERAL,CPIM,2703
S27,Jharkhand,18,Mahagama,Sanjiv Kumar Mishra,MALE,44,GENERAL,JVM,2506
S27,Jharkhand,18,Mahagama,Ataur Rahaman Siddiki,MALE,57,GENERAL,AJSUP,2198
S27,Jharkhand,18,Mahagama,Shital Sinha,MALE,48,GENERAL,LJP,1837
S27,Jharkhand,18,Mahagama,9 Shambhu Thakur,MALE,41,GENERAL,IND,1801
S27,Jharkhand,18,Mahagama,11 Brahamdeo Mahto,MALE,52,GENERAL,IND,1592
S27,Jharkhand,18,Mahagama,Uday Narayan Jaiswal,MALE,40,GENERAL,IND,1194
S27,Jharkhand,18,Mahagama,Bibi Nishat Zia,FEMALE,29,GENERAL,NCP,1159
S27,Jharkhand,18,Mahagama,Md. Naseem,MALE,25,GENERAL,IND,1082
S27,Jharkhand,18,Mahagama,Manoj Kumar Singh,MALE,57,GENERAL,JD(U),684
S27,Jharkhand,18,Mahagama,Bishwanath Sah,MALE,49,GENERAL,BSP,666
S27,Jharkhand,18,Mahagama,Shahnaz Khatoon,FEMALE,35,GENERAL,IND,618
S27,Jharkhand,18,Mahagama,Pramod Kumar Ray,MALE,30,GENERAL,BALP,575
S27,Jharkhand,19,Kodarma,Dr. Neera Yadav,FEMALE,48,GENERAL,BJP,63675
S27,Jharkhand,19,Kodarma,Amitabh Kumar,MALE,43,GENERAL,RJD,61878
S27,Jharkhand,19,Kodarma,Shalini Gupta,FEMALE,35,GENERAL,AJSUP,45014
S27,Jharkhand,19,Kodarma,Ramesh Harshdhar,MALE,46,GENERAL,JVM,9557
S27,Jharkhand,19,Kodarma,Yogendra Kumar Pandit,MALE,26,GENERAL,IND,4169
S27,Jharkhand,19,Kodarma,Prakash Ambedkar,MALE,35,SC,BSP,3627
S27,Jharkhand,19,Kodarma,Chandradev Yadav,MALE,44,GENERAL,IND,2449
S27,Jharkhand,19,Kodarma,Bhuneshwar Giri,MALE,54,GENERAL,IND,2384
S27,Jharkhand,19,Kodarma,aj kumar Pd. Yadav,MALE,47,GENERAL,IND,1745
S27,Jharkhand,19,Kodarma,11 Dhiraj Kumar,MALE,36,GENERAL,IND,1346
S27,Jharkhand,19,Kodarma,Deepak  Yadav,MALE,33,GENERAL,IND,1318
S27,Jharkhand,19,Kodarma,Rajiv Kumar Pandey,MALE,49,GENERAL,LJP,938
S27,Jharkhand,19,Kodarma,Gulam Mustafa,MALE,38,GENERAL,IND,861
S27,Jharkhand,19,Kodarma,Mahendr Prasad,MALE,62,GENERAL,MOSP,771
S27,Jharkhand,19,Kodarma,Subhash Mistry,MALE,48,GENERAL,SP,676
S27,Jharkhand,19,Kodarma,Santosh Kumar Singh,MALE,49,GENERAL,AAAP,620
S27,Jharkhand,19,Kodarma,Md. Mubark,MALE,41,GENERAL,PSPL,557
S27,Jharkhand,20,Barkatha,AMIT KUMAR YADAV S/O-CHITRANJAN YADAV,MALE,35,GENERAL,IND,72572
S27,Jharkhand,20,Barkatha,JANKI PRASAD YADAV,MALE,56,GENERAL,BJP,47760
S27,Jharkhand,20,Barkatha,BATESHWAR PRASAD MEHTA,MALE,61,GENERAL,JVM,33526
S27,Jharkhand,20,Barkatha,MOHAMMAD ASRAF ANSARI,MALE,47,GENERAL,AIMIM,18416
S27,Jharkhand,20,Barkatha,DIGANBAR KUMAR MEHTA,MALE,57,GENERAL,CPI,5634
S27,Jharkhand,20,Barkatha,RAMCHANDRA PRASAD,MALE,54,GENERAL,IND,5323
S27,Jharkhand,20,Barkatha,MOHAMMAD KHALID KHALIL,MALE,41,GENERAL,RJD,4867
S27,Jharkhand,20,Barkatha,PRADEEP KUMAR MEHTA,MALE,46,GENERAL,AJSUP,3677
S27,Jharkhand,20,Barkatha,AM PRASAD,MALE,49,GENERAL,IND,3094
S27,Jharkhand,20,Barkatha,ASHOK KUMAR,MALE,25,GENERAL,BALP,2810
S27,Jharkhand,20,Barkatha,11 TUKLAL NAYAK,MALE,58,GENERAL,BSP,2476
S27,Jharkhand,20,Barkatha,MD IBRAHIM,MALE,35,GENERAL,CPI(ML)(L),2210
S27,Jharkhand,20,Barkatha,ANIL RAY,MALE,47,GENERAL,IND,1955
S27,Jharkhand,20,Barkatha,GAUTAM KUMAR,MALE,30,GENERAL,IND,1236
S27,Jharkhand,20,Barkatha,AMIT KUMAR YADAV S/O-RAJDEV YADAV,MALE,25,GENERAL,IND,1177
S27,Jharkhand,20,Barkatha,MAHESH KUMAR YADAV,MALE,25,GENERAL,AAAP,1108
S27,Jharkhand,20,Barkatha,OM PRAKASH MEHTA,MALE,35,GENERAL,IND,917
S27,Jharkhand,20,Barkatha,VINOD KUMAR MEHTA,MALE,34,GENERAL,IND,523
S27,Jharkhand,20,Barkatha,SANJAY YADAV,MALE,33,GENERAL,IND,505
S27,Jharkhand,20,Barkatha,SUKHDEO YADAV,MALE,56,GENERAL,IND,413
S27,Jharkhand,21,Barhi,UMASHANKAR AKELA,MALE,61,GENERAL,INC,84358
S27,Jharkhand,21,Barhi,MANOJ KUMAR YADAV,MALE,62,GENERAL,BJP,72987
S27,Jharkhand,21,Barhi,ARBIND KUMAR,MALE,27,GENERAL,JVM,4282
S27,Jharkhand,21,Barhi,MO. SERAJ,MALE,43,GENERAL,IND,3686
S27,Jharkhand,21,Barhi,BIPIN KUMAR SINHA,MALE,47,GENERAL,IND,2451
S27,Jharkhand,21,Barhi,RAMANUJ KUMAR,MALE,37,GENERAL,CPI,2219
S27,Jharkhand,21,Barhi,MD. JAMAL UDDIN,MALE,33,GENERAL,BSP,2032
S27,Jharkhand,21,Barhi,9 MANOJ KUMAR PASWAN,MALE,36,SC,IND,1474
S27,Jharkhand,21,Barhi,RAJEEV RANJAN,MALE,25,GENERAL,AITC,1327
S27,Jharkhand,21,Barhi,11 DIGAMBER BHUIYA,MALE,47,SC,HAMS,984
S27,Jharkhand,21,Barhi,SANJAY KUMAR MEHTA,MALE,26,GENERAL,AAAP,781
S27,Jharkhand,21,Barhi,BASUDEW PASWAN,MALE,48,SC,IND,772
S27,Jharkhand,21,Barhi,CHHATHI DEVI,FEMALE,41,SC,RTMP,599
S27,Jharkhand,21,Barhi,SHIV KUMAR RAM,MALE,62,SC,PPID,469
S27,Jharkhand,22,Barkagaon,AMBA PRASAD,FEMALE,31,GENERAL,INC,98862
S27,Jharkhand,22,Barkagaon,ROSHAN LAL CHOUDHARY,MALE,59,GENERAL,AJSUP,67348
S27,Jharkhand,22,Barkagaon,LOKNATH MAHTO,MALE,74,GENERAL,BJP,31761
S27,Jharkhand,22,Barkagaon,DURGA CHARAN PRASAD,MALE,45,GENERAL,JVM,3347
S27,Jharkhand,22,Barkagaon,SURESH MAHTO,MALE,32,GENERAL,JMM(U),3205
S27,Jharkhand,22,Barkagaon,PRITAM SINGH,MALE,40,GENERAL,AIMIM,3022
S27,Jharkhand,22,Barkagaon,MITHILESH KUMAR DANGI,MALE,52,GENERAL,CPI,2710
S27,Jharkhand,22,Barkagaon,VINOD KUMAR RANA,MALE,37,GENERAL,JD(U),1868
S27,Jharkhand,22,Barkagaon,9 ANJU DEVI,FEMALE,28,SC,IND,1862
S27,Jharkhand,22,Barkagaon,BALJIT SINGH,MALE,39,GENERAL,IND,1768
S27,Jharkhand,22,Barkagaon,11 SARYU MUNDA,MALE,40,ST,CPI(ML)(L),1101
S27,Jharkhand,22,Barkagaon,BITTU KUMAR SINGH,MALE,31,GENERAL,JKP,878
S27,Jharkhand,22,Barkagaon,PRABHU ORAON,MALE,42,ST,IND,810
S27,Jharkhand,22,Barkagaon,DASHRATH SONI,MALE,64,GENERAL,IND,809
S27,Jharkhand,22,Barkagaon,SUNIL KUMAR,MALE,43,GENERAL,RJBP,587
S27,Jharkhand,22,Barkagaon,BHUNESHWAR PRAMANIK,MALE,66,GENERAL,APoI,568
S27,Jharkhand,22,Barkagaon,SALMA KHATOON,FEMALE,31,GENERAL,AITC,508
S27,Jharkhand,22,Barkagaon,GEETA DEVI,FEMALE,40,GENERAL,JKPS,448
S27,Jharkhand,22,Barkagaon,SURAJ KUMAR,MALE,31,GENERAL,BSP,429
S27,Jharkhand,22,Barkagaon,DEEPAK KUMAR DAS,MALE,40,SC,PPID,340
S27,Jharkhand,22,Barkagaon,DARSHAN GANJHU,MALE,49,SC,IND,336
S27,Jharkhand,22,Barkagaon,ARBIND KUMAR OJHA,MALE,35,GENERAL,IND,322
S27,Jharkhand,22,Barkagaon,VIJAY KUMAR SINGH,MALE,39,GENERAL,IND,196
S27,Jharkhand,23,Ramgarh,MAMTA DEVI,FEMALE,34,GENERAL,INC,99944
S27,Jharkhand,23,Ramgarh,SUNITA CHOUDHARY,FEMALE,45,GENERAL,AJSUP,71226
S27,Jharkhand,23,Ramgarh,RANANJAY KUMAR @ KUNTU BABU,MALE,50,GENERAL,BJP,31874
S27,Jharkhand,23,Ramgarh,AJIT KUMAR @ BABLU KUSHWAHA,MALE,38,GENERAL,IND,3271
S27,Jharkhand,23,Ramgarh,KHURSHID AHMAD QURAISHI,MALE,35,GENERAL,CPI,2084
S27,Jharkhand,23,Ramgarh,SUDIT KUMAR SINGH,MALE,37,GENERAL,JD(U),1813
S27,Jharkhand,23,Ramgarh,MD MOIN UDDIN AHMAD,MALE,42,GENERAL,BSP,1184
S27,Jharkhand,23,Ramgarh,NAGESHWAR SAW,MALE,58,GENERAL,IND,1152
S27,Jharkhand,23,Ramgarh,9 DEEPAK KUMAR SINGH @ DEEPAK SISODIA,MALE,29,GENERAL,HSP,1089
S27,Jharkhand,23,Ramgarh,ABHISHEK KUMAR SINHA @ LALA,MALE,29,GENERAL,SHS,1002
S27,Jharkhand,23,Ramgarh,11 HEERALAL MAHTO,MALE,32,GENERAL,CPI(ML)(L),936
S27,Jharkhand,23,Ramgarh,AMIT KUMAR,MALE,30,GENERAL,APoI,886
S27,Jharkhand,23,Ramgarh,ARIF AHMAD KURAISHI,MALE,38,GENERAL,JVM,801
S27,Jharkhand,23,Ramgarh,PRADEEP KUMAR,MALE,27,GENERAL,IND,735
S27,Jharkhand,23,Ramgarh,SANDEEP KUMAR,MALE,35,GENERAL,RJBP,717
S27,Jharkhand,23,Ramgarh,FAROOQUE ANSARI,MALE,31,GENERAL,IND,655
S27,Jharkhand,23,Ramgarh,ARJUN RAM,MALE,72,GENERAL,JMM(U),571
S27,Jharkhand,23,Ramgarh,MD NAIM,MALE,42,GENERAL,LJP,507
S27,Jharkhand,23,Ramgarh,MAHESH KUMAR MAHTO,MALE,25,GENERAL,IND,418
S27,Jharkhand,23,Ramgarh,ZOYA PARWEEN,FEMALE,27,GENERAL,BHAZS,398
S27,Jharkhand,23,Ramgarh,TULESHWAR KUMAR PASWAN,MALE,39,SC,IND,394
S27,Jharkhand,23,Ramgarh,BINU KUMAR MAHTO @ YUVA TIGER,MALE,25,GENERAL,IND,315
S27,Jharkhand,23,Ramgarh,NEPAL VISHWAKARMA,MALE,60,GENERAL,IND,297
S27,Jharkhand,23,Ramgarh,SUVO DEVI,FEMALE,42,SC,IND,255
S27,Jharkhand,23,Ramgarh,DHARMENDRA PRASAD,MALE,43,GENERAL,IND,191
S27,Jharkhand,24,Mandu,Jai Prakash Bhai Patel,MALE,37,GENERAL,BJP,49855
S27,Jharkhand,24,Mandu,Nirmal Mahto,MALE,35,GENERAL,AJSUP,47793
S27,Jharkhand,24,Mandu,Ram Prakash Bhai Patel,MALE,47,GENERAL,JMM,44768
S27,Jharkhand,24,Mandu,Kumar Mahesh Singh,MALE,66,GENERAL,IND,28866
S27,Jharkhand,24,Mandu,Chandra Nath Bhai Patel,MALE,49,GENERAL,JVM,15746
S27,Jharkhand,24,Mandu,Hamid Hashmi,MALE,39,GENERAL,AIMIM,13972
S27,Jharkhand,24,Mandu,Dushyant Kumar Patel,MALE,33,GENERAL,JD(U),6641
S27,Jharkhand,24,Mandu,Jaibir Manjhi,MALE,31,ST,CPI(ML)(L),6420
S27,Jharkhand,24,Mandu,9 Dhaneshwar Turi,MALE,63,GENERAL,MCO,4526
S27,Jharkhand,24,Mandu,Mahendra Pathak,MALE,48,GENERAL,CPI,3081
S27,Jharkhand,24,Mandu,11 Mahmood Alam,MALE,46,GENERAL,BAHUMP,3009
S27,Jharkhand,24,Mandu,Shahid Siddiqui,MALE,51,GENERAL,BSP,2229
S27,Jharkhand,24,Mandu,Babita Devi,FEMALE,34,GENERAL,JMM(U),1732
S27,Jharkhand,24,Mandu,Md. Aenul,MALE,32,GENERAL,LJP,1504
S27,Jharkhand,24,Mandu,Sajada Khatoon,FEMALE,35,GENERAL,PSPL,1251
S27,Jharkhand,24,Mandu,Ramavtar Mahto,MALE,35,GENERAL,IND,998
S27,Jharkhand,24,Mandu,Jitendra Kumar Roy,MALE,40,GENERAL,IND,995
S27,Jharkhand,24,Mandu,Arjun Ram,MALE,43,SC,PPID,963
S27,Jharkhand,24,Mandu,Md. Azad Rayn,MALE,36,GENERAL,AAAP,899
S27,Jharkhand,24,Mandu,Sundar Lal Marandi,MALE,33,ST,IND,847
S27,Jharkhand,24,Mandu,Abdul Qayum Ansari,MALE,53,GENERAL,IUML,690
S27,Jharkhand,24,Mandu,Anil Mathur,MALE,30,SC,SBSP,502
S27,Jharkhand,25,Hazaribagh,Manish Jaiswal,MALE,54,GENERAL,BJP,106208
S27,Jharkhand,25,Hazaribagh,Dr. Ramchandra Prasad,MALE,58,GENERAL,INC,54396
S27,Jharkhand,25,Hazaribagh,Munna Singh,MALE,44,GENERAL,JVM,31885
S27,Jharkhand,25,Hazaribagh,Nadeem Khan,MALE,29,GENERAL,AIMIM,8919
S27,Jharkhand,25,Hazaribagh,Prakash Kumar Paswan,MALE,33,SC,IND,3215
S27,Jharkhand,25,Hazaribagh,Shakti Kumar Paswan,MALE,30,SC,IND,2517
S27,Jharkhand,25,Hazaribagh,Jailal Kumar,MALE,54,GENERAL,IND,1209
S27,Jharkhand,25,Hazaribagh,9 Prayag Prasad,MALE,54,GENERAL,NCP,1157
S27,Jharkhand,25,Hazaribagh,Binod Kumar Singh,MALE,58,GENERAL,BSP,1046
S27,Jharkhand,25,Hazaribagh,11 Sneh Lata Devi,FEMALE,51,SC,IND,784
S27,Jharkhand,25,Hazaribagh,Chitranjan Prasad Gupta,MALE,39,GENERAL,IND,738
S27,Jharkhand,25,Hazaribagh,Mukesh Kumar,MALE,46,GENERAL,LJP,558
S27,Jharkhand,25,Hazaribagh,Santosh Kumar Mehta,MALE,27,GENERAL,PPID,499
S27,Jharkhand,25,Hazaribagh,Ajeet Kumar Mehta,MALE,42,GENERAL,IND,490
S27,Jharkhand,25,Hazaribagh,Rameshwar Ram Kushwaha,MALE,49,GENERAL,AIFB,309
S27,Jharkhand,26,Simaria,Kishun Kumar Das,MALE,49,SC,BJP,61438
S27,Jharkhand,26,Simaria,MANOJ KUMAR CHANDRA,MALE,40,SC,AJSUP,50442
S27,Jharkhand,26,Simaria,Ramadev Singh Bhogta,MALE,41,SC,JVM,31346
S27,Jharkhand,26,Simaria,Yogendra Nath Baitha,MALE,55,SC,INC,27665
S27,Jharkhand,26,Simaria,Niraj Kumar Niraj,MALE,36,SC,IND,5552
S27,Jharkhand,26,Simaria,Kamlesh Kumar,MALE,26,SC,IND,4366
S27,Jharkhand,26,Simaria,Anand Kumar Bharti,MALE,27,SC,JKP,3579
S27,Jharkhand,26,Simaria,Binod Bihari Paswan,MALE,40,SC,CPI,3487
S27,Jharkhand,26,Simaria,9 Hardip Kumar Ram,MALE,33,SC,RPI(A),2487
S27,Jharkhand,26,Simaria,JITENDRA KUMAR,MALE,29,SC,BSP,2041
S27,Jharkhand,26,Simaria,11 Shanker Rajak,MALE,49,SC,SP,2029
S27,Jharkhand,26,Simaria,Baleshwar Ram,MALE,60,SC,IND,1655
S27,Jharkhand,26,Simaria,Kamlesh Ganjhu,MALE,35,SC,IND,1251
S27,Jharkhand,26,Simaria,Kheman Ram,MALE,52,SC,APoI,1169
S27,Jharkhand,26,Simaria,Naresh Bhuiyan,MALE,38,SC,NAGADHP,968
S27,Jharkhand,26,Simaria,Ramanand Das,MALE,50,SC,BaSaPa,941
S27,Jharkhand,26,Simaria,Chhotan Kumar,MALE,28,SC,PPID,596
S27,Jharkhand,26,Simaria,Vikash Kumar,MALE,31,SC,IND,448
S27,Jharkhand,27,Chatra,SATYANAND BHOKTA,MALE,48,SC,RJD,101710
S27,Jharkhand,27,Chatra,JANARDAN PASWAN,MALE,52,SC,BJP,77655
S27,Jharkhand,27,Chatra,KEDAR BHUIYAN,MALE,36,SC,JD(U),7292
S27,Jharkhand,27,Chatra,TILESHWAR RAM,MALE,41,SC,JVM,6703
S27,Jharkhand,27,Chatra,GOUTAM RAVIDAS,MALE,26,SC,BSP,4645
S27,Jharkhand,27,Chatra,NARESH RAM BHARTI,MALE,64,SC,CPIM,4076
S27,Jharkhand,27,Chatra,KAULESHWAR KUMAR BHOKTA,MALE,28,SC,NAGADHP,3654
S27,Jharkhand,27,Chatra,9 KRISHNA RAVIDAS,MALE,34,SC,IND,3559
S27,Jharkhand,27,Chatra,SANDEEP KUMAR,MALE,25,SC,RJBP,3486
S27,Jharkhand,28,Dhanwar,BABULAL MARANDI,MALE,61,ST,JVM,52352
S27,Jharkhand,28,Dhanwar,LAKSHMAN PRASAD SINGH,MALE,63,GENERAL,BJP,34802
S27,Jharkhand,28,Dhanwar,RAJ KUMAR YADAV,MALE,46,GENERAL,CPI(ML)(L),32245
S27,Jharkhand,28,Dhanwar,ANUP KUMAR SONTHALIA,MALE,44,GENERAL,IND,22624
S27,Jharkhand,28,Dhanwar,MOHAMMAD DANISH,MALE,34,GENERAL,AIMIM,15416
S27,Jharkhand,28,Dhanwar,NIJAMUDDIN ANSARI,MALE,58,GENERAL,JMM,14432
S27,Jharkhand,28,Dhanwar,TARKESHWAR GOPE,MALE,49,GENERAL,IND,2960
S27,Jharkhand,28,Dhanwar,RAVINDRA KUMAR SINGH,MALE,33,GENERAL,IND,2676
S27,Jharkhand,28,Dhanwar,DINESH KUMAR DAS,MALE,32,SC,BSP,2440
S27,Jharkhand,28,Dhanwar,11 MANOJ KUMAR,MALE,43,GENERAL,IND,2050
S27,Jharkhand,28,Dhanwar,BAIJU MARANDI,MALE,31,ST,IND,1912
S27,Jharkhand,28,Dhanwar,RAMESHWAR PRASAD YADAV,MALE,45,GENERAL,IND,1276
S27,Jharkhand,28,Dhanwar,VIRENDRA KUMAR YADAV,MALE,28,GENERAL,SP,1189
S27,Jharkhand,28,Dhanwar,CHHATRADHARI VISHWAKARMA,MALE,48,GENERAL,IND,979
S27,Jharkhand,29,Bagodar,VINOD KUMAR SINGH,MALE,43,GENERAL,CPI(ML)(L),98201
S27,Jharkhand,29,Bagodar,NAGENDRA MAHTO,MALE,68,GENERAL,BJP,83656
S27,Jharkhand,29,Bagodar,RAJANI KAUR,FEMALE,42,GENERAL,JVM,8749
S27,Jharkhand,29,Bagodar,ANUP KUMAR PANDEY,MALE,30,GENERAL,AJSUP,5188
S27,Jharkhand,29,Bagodar,LALITA KUMARI,THIRD,26,GENERAL,IND,2582
S27,Jharkhand,29,Bagodar,JAGDISH MAHTO,MALE,42,GENERAL,IND,2316
S27,Jharkhand,29,Bagodar,VASUDEV PRA VERMA,MALE,56,GENERAL,INC,2049
S27,Jharkhand,29,Bagodar,9 DEEPAK PRASAD SINHA,MALE,47,GENERAL,AIFB,1555
S27,Jharkhand,29,Bagodar,DASHRATH SINGH,MALE,53,GENERAL,IND,1245
S27,Jharkhand,29,Bagodar,11 JAY PRAKASH PRASAD,MALE,47,GENERAL,IND,1244
S27,Jharkhand,29,Bagodar,TEKOCHAND MAHTO,MALE,29,GENERAL,IND,1172
S27,Jharkhand,29,Bagodar,DAMODAR PASWAN,MALE,42,SC,LJP,885
S27,Jharkhand,30,Jamua,KEDAR HAZRA,MALE,58,SC,BJP,58468
S27,Jharkhand,30,Jamua,MANJU KUMARI,FEMALE,40,SC,INC,40293
S27,Jharkhand,30,Jamua,CHANDRIKA MAHTHA,MALE,49,SC,JVM,25865
S27,Jharkhand,30,Jamua,ASHOK PASWAN,MALE,41,SC,CPI(ML)(L),15921
S27,Jharkhand,30,Jamua,SATYANARAYAN DAS,MALE,51,SC,AJSUP,9668
S27,Jharkhand,30,Jamua,PRADIP KU HAJRA,MALE,47,SC,IND,6442
S27,Jharkhand,30,Jamua,SHYAMDEO HAZRA,MALE,33,SC,LOKJANP,2433
S27,Jharkhand,30,Jamua,9 MAHENDRA RAJAK,MALE,48,SC,BMUP,2131
S27,Jharkhand,30,Jamua,SITARAM PASWAN,MALE,46,SC,IND,1917
S27,Jharkhand,30,Jamua,11 RAJENDAR HAZRA,MALE,46,SC,JP,1493
S27,Jharkhand,30,Jamua,RAMCHANDRA HAZRA,MALE,43,SC,BSP,1445
S27,Jharkhand,30,Jamua,NANDLAL RAVIDAS,MALE,63,SC,AAAP,902
S27,Jharkhand,30,Jamua,KEDAR PASWAN,MALE,53,SC,LJP,858
S27,Jharkhand,30,Jamua,JAGDISH BAITHA,MALE,61,SC,BLSP,642
S27,Jharkhand,31,Gandey,DR SARFRAZ AHMAD,MALE,66,GENERAL,JMM,65023
S27,Jharkhand,31,Gandey,JAI PRAKASH VERMA,MALE,48,GENERAL,BJP,56168
S27,Jharkhand,31,Gandey,ARJUN BAITHA,MALE,51,GENERAL,AJSUP,15361
S27,Jharkhand,31,Gandey,SUNIL KR. YADAV,MALE,40,GENERAL,IND,9900
S27,Jharkhand,31,Gandey,KARMILA TUDU,FEMALE,32,GENERAL,IND,9056
S27,Jharkhand,31,Gandey,DILIP KUMAR VERMA,MALE,47,GENERAL,JVM,8952
S27,Jharkhand,31,Gandey,RAJESH KUMAR,MALE,48,GENERAL,CPI(ML)(L),7408
S27,Jharkhand,31,Gandey,INTEKHAB ANSARI,MALE,30,GENERAL,AIMIM,6039
S27,Jharkhand,31,Gandey,LALITA RAY,FEMALE,33,GENERAL,IND,2076
S27,Jharkhand,31,Gandey,11 ARUN PRASAD VERMA,MALE,26,GENERAL,IND,1625
S27,Jharkhand,31,Gandey,AVADHESH KUMAR SINGH,MALE,47,GENERAL,BSP,1182
S27,Jharkhand,31,Gandey,MANORANJAN SINHA,MALE,29,GENERAL,SHS,819
S27,Jharkhand,32,Giridih,SUDIVYA  KUMAR,MALE,49,GENERAL,JMM,80871
S27,Jharkhand,32,Giridih,NIRBHAY KUMAR SHAHABADI,MALE,68,GENERAL,BJP,64987
S27,Jharkhand,32,Giridih,CHUNNU KANT,MALE,55,GENERAL,JVM,6903
S27,Jharkhand,32,Giridih,MOHAMMAD LALLU,MALE,35,GENERAL,IND,2493
S27,Jharkhand,32,Giridih,UPENDRA KUMAR SHARMA,MALE,64,GENERAL,LJP,2026
S27,Jharkhand,32,Giridih,SHYAM PRASAD BARNWAL,MALE,36,GENERAL,IND,1533
S27,Jharkhand,32,Giridih,SIKANDAR ALI,MALE,25,GENERAL,BSP,1272
S27,Jharkhand,32,Giridih,9 SHWETA KUMARI,FEMALE,25,SC,AAAP,1182
S27,Jharkhand,32,Giridih,MD SALMAN SAHAB,MALE,25,GENERAL,MCO,1124
S27,Jharkhand,32,Giridih,11 BUDHAN HEMABRAM,MALE,49,ST,IND,991
S27,Jharkhand,32,Giridih,RAJESH KU SINHA,MALE,48,GENERAL,CPI(ML)(L),834
S27,Jharkhand,32,Giridih,SIMA KUMARI,FEMALE,35,GENERAL,AITC,833
S27,Jharkhand,33,Dumri,JAGARNATH MAHTO,MALE,53,GENERAL,JMM,71128
S27,Jharkhand,33,Dumri,YASHODA DEVI,FEMALE,45,GENERAL,AJSUP,36840
S27,Jharkhand,33,Dumri,PRADEEP KUMAR SAHU,MALE,39,GENERAL,BJP,36013
S27,Jharkhand,33,Dumri,ABDUL MOBIN RIZVI,MALE,43,GENERAL,AIMIM,24132
S27,Jharkhand,33,Dumri,LALCHAND MAHTO,MALE,64,GENERAL,JD(U),5219
S27,Jharkhand,33,Dumri,GANESH PRASAD MAHATO,MALE,60,GENERAL,CPI,2891
S27,Jharkhand,33,Dumri,MAHENDRA MAHTO,MALE,29,GENERAL,IND,2764
S27,Jharkhand,33,Dumri,9 NILKANTH MAHTO,MALE,34,GENERAL,BSP,1744
S27,Jharkhand,33,Dumri,RUPLAL THAKUR,MALE,29,GENERAL,SHS,1689
S27,Jharkhand,33,Dumri,11 NIRMAL PRASAD MAHTO,MALE,37,GENERAL,AAAP,1642
S27,Jharkhand,33,Dumri,MD. SAMSUDDIN,MALE,25,GENERAL,JVM,1263
S27,Jharkhand,33,Dumri,NARAYAN GIRI,MALE,77,GENERAL,IND,1256
S27,Jharkhand,33,Dumri,CHANDRIKA PRASAD MAHTO,MALE,38,GENERAL,BALP,591
S27,Jharkhand,33,Dumri,MOHAMMAD  AHMAD,MALE,39,GENERAL,PSPL,557
S27,Jharkhand,33,Dumri,DEVI LAL ANAND,MALE,39,GENERAL,JMM(U),470
S27,Jharkhand,34,Gomia,Lambodar Mahto,MALE,53,GENERAL,AJSUP,71859
S27,Jharkhand,34,Gomia,Babita Devi,FEMALE,41,GENERAL,JMM,60922
S27,Jharkhand,34,Gomia,Madhav Lal Singh,MALE,66,GENERAL,IND,26103
S27,Jharkhand,34,Gomia,Lakshman Kumar Nayak,MALE,42,GENERAL,BJP,18011
S27,Jharkhand,34,Gomia,Dinesh Kumar Munda,MALE,37,ST,IND,1896
S27,Jharkhand,34,Gomia,Nikhil Kumar Soren,MALE,27,ST,IND,1699
S27,Jharkhand,34,Gomia,Gulam Rabbani,MALE,50,GENERAL,IND,1433
S27,Jharkhand,34,Gomia,9 Gautam Tiwari,MALE,39,GENERAL,JVM,1391
S27,Jharkhand,34,Gomia,Ajay Renjan,MALE,32,GENERAL,BSP,1078
S27,Jharkhand,34,Gomia,11 Hari Saw,MALE,60,GENERAL,IND,986
S27,Jharkhand,34,Gomia,Ashraf Hussain,MALE,37,GENERAL,IUML,943
S27,Jharkhand,34,Gomia,Umesh Mahto,MALE,39,GENERAL,JD(U),760
S27,Jharkhand,34,Gomia,Manoj Kumar Mahto,MALE,38,GENERAL,PPID,340
S27,Jharkhand,34,Gomia,Pankaj Kumar Pandey,MALE,31,GENERAL,LJP,330
S27,Jharkhand,34,Gomia,Devishwar Manjhi,MALE,61,ST,JMM(U),228
S27,Jharkhand,35,Bermo,Rajendra Pd. Singh,MALE,73,GENERAL,INC,88945
S27,Jharkhand,35,Bermo,Yogeshwar Mahto,MALE,64,GENERAL,BJP,63773
S27,Jharkhand,35,Bermo,Kashi Nath Singh,MALE,55,GENERAL,AJSUP,16546
S27,Jharkhand,35,Bermo,Md. Aftab Alam Khan,MALE,43,GENERAL,CPI,5695
S27,Jharkhand,35,Bermo,Ram Kinkar Pandey,MALE,45,GENERAL,JVM,1997
S27,Jharkhand,35,Bermo,Sabita Devi,FEMALE,38,GENERAL,JKPS,1806
S27,Jharkhand,35,Bermo,Khirodhar Kisku,MALE,29,ST,IND,1494
S27,Jharkhand,35,Bermo,Nitu Singh,FEMALE,44,GENERAL,IND,1136
S27,Jharkhand,35,Bermo,9 Alam Ansari,MALE,48,GENERAL,IND,1129
S27,Jharkhand,35,Bermo,11 Kailash Chandra Mahto,MALE,57,GENERAL,IND,929
S27,Jharkhand,35,Bermo,Baijnath Gorain,MALE,44,GENERAL,SHS,872
S27,Jharkhand,35,Bermo,Subodh Mahto,MALE,36,GENERAL,IND,825
S27,Jharkhand,35,Bermo,Ram Bhajan Layak,MALE,60,GENERAL,IND,632
S27,Jharkhand,35,Bermo,Salimuddin Ansari,MALE,53,GENERAL,JMM(U),583
S27,Jharkhand,35,Bermo,Teko Mahato,MALE,69,GENERAL,AMB,509
S27,Jharkhand,35,Bermo,Sameer Kumar Das,MALE,44,GENERAL,BSP,451
S27,Jharkhand,35,Bermo,Gangadhar Prajapati,MALE,49,GENERAL,IND,439
S27,Jharkhand,35,Bermo,Umesh Rawani,MALE,50,GENERAL,LJP,428
S27,Jharkhand,35,Bermo,Chandan Kumar,MALE,27,SC,PPID,298
S27,Jharkhand,35,Bermo,Kaleshwar Ravidas,MALE,33,SC,RPI(A),286
S27,Jharkhand,36,Bokaro,Biranchi Narayan,MALE,48,GENERAL,BJP,112333
S27,Jharkhand,36,Bokaro,Shweta Singh,FEMALE,39,GENERAL,INC,99020
S27,Jharkhand,36,Bokaro,Rajendra Mahato,MALE,62,GENERAL,AJSUP,14517
S27,Jharkhand,36,Bokaro,PRAKASH KUMAR,MALE,37,GENERAL,JVM,13872
S27,Jharkhand,36,Bokaro,MASAKUR ALAM SIDDIKI,MALE,42,GENERAL,AIMIM,5401
S27,Jharkhand,36,Bokaro,SANJAY KUMAR,MALE,43,GENERAL,IND,3148
S27,Jharkhand,36,Bokaro,Jayanti Kumari,FEMALE,38,GENERAL,IND,2226
S27,Jharkhand,36,Bokaro,9 ASHOK CHOUDHARY,MALE,55,GENERAL,JD(S),1971
S27,Jharkhand,36,Bokaro,HARENDRA NATH,MALE,63,GENERAL,AAAP,1943
S27,Jharkhand,36,Bokaro,11 Rajesh Kumar,MALE,39,GENERAL,IND,1913
S27,Jharkhand,36,Bokaro,Mahadeo Sharma,MALE,30,GENERAL,IND,1741
S27,Jharkhand,36,Bokaro,Hamid Hasan,MALE,42,GENERAL,APoI,1344
S27,Jharkhand,36,Bokaro,PHALGUNI BHATTACHARYA,MALE,37,GENERAL,AITC,1262
S27,Jharkhand,36,Bokaro,Niwaran Prasad Mahto,MALE,46,GENERAL,HAMS,1009
S27,Jharkhand,36,Bokaro,SUNIL KUMAR,MALE,51,GENERAL,JP,933
S27,Jharkhand,36,Bokaro,Uma Kumari,FEMALE,27,GENERAL,IND,914
S27,Jharkhand,36,Bokaro,NAWAL KUMAR SHARMA,MALE,36,GENERAL,IND,896
S27,Jharkhand,36,Bokaro,PRADIP BURMAN,MALE,44,GENERAL,IND,806
S27,Jharkhand,36,Bokaro,RamaKant Verma,MALE,69,GENERAL,SWARAJ,553
S27,Jharkhand,36,Bokaro,Manoj Kumar Singh,MALE,44,GENERAL,SUCI(C),540
S27,Jharkhand,36,Bokaro,MADHU SUDAN SINGH,MALE,63,GENERAL,IND,532
S27,Jharkhand,36,Bokaro,Nitay Dutta,MALE,54,GENERAL,IND,502
S27,Jharkhand,36,Bokaro,LALITA DEVI,FEMALE,28,GENERAL,IND,445
S27,Jharkhand,36,Bokaro,Krishna Kumar Kaushal,MALE,44,GENERAL,PPID,438
S27,Jharkhand,36,Bokaro,Renu Sharma,FEMALE,48,GENERAL,IND,351
S27,Jharkhand,37,Chandankyari,AMAR KUMAR BAURI,MALE,41,SC,BJP,67739
S27,Jharkhand,37,Chandankyari,UMA KANT RAJAK,MALE,54,SC,AJSUP,58528
S27,Jharkhand,37,Chandankyari,BIJAY KUMAR RAJWAR,MALE,31,SC,JMM,36400
S27,Jharkhand,37,Chandankyari,BHOLANATH BAURI,MALE,36,SC,IND,2694
S27,Jharkhand,37,Chandankyari,GANESH KUMAR DAS,MALE,41,SC,IND,2033
S27,Jharkhand,37,Chandankyari,ROHIT KUMAR DAS,MALE,25,SC,JVM,1524
S27,Jharkhand,37,Chandankyari,LAL MOHAN RAJWAR,MALE,41,SC,MCO,1391
S27,Jharkhand,37,Chandankyari,9 HARENDRA KUMAR,MALE,27,SC,APoI,1131
S27,Jharkhand,37,Chandankyari,RAJ KUMAR RAM,MALE,26,SC,AITC,783
S27,Jharkhand,37,Chandankyari,11 PRAKASH DAS,MALE,34,SC,PPID,491
S27,Jharkhand,37,Chandankyari,RAMPAD RAVIDAS,MALE,43,SC,JKP,392
S27,Jharkhand,37,Chandankyari,ANIL BAURI,MALE,49,SC,SUCI(C),373
S27,Jharkhand,37,Chandankyari,KIRITI BHUSHAN DAS,MALE,69,SC,AMB,331
S27,Jharkhand,37,Chandankyari,SAMIR KUMAR DAS,MALE,44,SC,BSP,216
S27,Jharkhand,37,Chandankyari,JAGESHWER PRASAD HAZRA,MALE,51,SC,AIFB,201
S27,Jharkhand,38,Sindri,INDRAJIT MAHATO,MALE,47,GENERAL,BJP,80967
S27,Jharkhand,38,Sindri,ANAND MAHATO,MALE,77,GENERAL,MCO,72714
S27,Jharkhand,38,Sindri,FULCHAND MANDAL,MALE,76,GENERAL,JMM,33583
S27,Jharkhand,38,Sindri,SADANAND MAHATO,MALE,45,GENERAL,AJSUP,12502
S27,Jharkhand,38,Sindri,RAMESH KUMAR RAHI,MALE,55,GENERAL,JVM,7636
S27,Jharkhand,38,Sindri,DEO NATH SINGH,MALE,62,GENERAL,AAAP,3862
S27,Jharkhand,38,Sindri,RAJESH KUMAR DAS,MALE,27,SC,IND,2969
S27,Jharkhand,38,Sindri,SHAILENDRA NATH DWIVEDI,MALE,47,GENERAL,LJP,2166
S27,Jharkhand,38,Sindri,AM PRASAD SINGH,MALE,43,GENERAL,BSP,2007
S27,Jharkhand,38,Sindri,11 BISHNU MAHATO,MALE,46,GENERAL,IND,1366
S27,Jharkhand,38,Sindri,PRABHAKAR KUMAR CHOUDHARY,MALE,34,GENERAL,IND,1339
S27,Jharkhand,38,Sindri,HAFIZUDDIN ANSARI,MALE,66,GENERAL,SP,1278
S27,Jharkhand,38,Sindri,MUKHTAR AHMED,MALE,52,GENERAL,AITC,1087
S27,Jharkhand,38,Sindri,KARTIK MAHATO,MALE,62,GENERAL,SHS,928
S27,Jharkhand,38,Sindri,ASHISH KUMAR,MALE,28,GENERAL,IND,760
S27,Jharkhand,38,Sindri,HEERA LAL SHANKHAVAR,MALE,70,GENERAL,AIFB,587
S27,Jharkhand,39,Nirsa,APARNA SENGUPTA,FEMALE,50,GENERAL,BJP,89082
S27,Jharkhand,39,Nirsa,ARUP CHATTERJEE,MALE,45,GENERAL,MCO,63624
S27,Jharkhand,39,Nirsa,ASHOK KUMAR MANDAL,MALE,59,GENERAL,JMM,47168
S27,Jharkhand,39,Nirsa,BAMPY CHAKRAWARTY,MALE,31,GENERAL,JVM,2007
S27,Jharkhand,39,Nirsa,AWADHESH  KUMAR DAS,MALE,39,SC,IND,1603
S27,Jharkhand,39,Nirsa,BAMAPADA  BAURI,MALE,58,SC,BSP,1533
S27,Jharkhand,39,Nirsa,BHAGWAT MAHATO,MALE,51,GENERAL,AIFB,1159
S27,Jharkhand,39,Nirsa,9 UMESH GOSWAMI,MALE,48,GENERAL,NCP,1087
S27,Jharkhand,40,Dhanbad,RAJ SINHA,MALE,57,GENERAL,BJP,120773
S27,Jharkhand,40,Dhanbad,MANNAN MALLICK,MALE,76,GENERAL,INC,90144
S27,Jharkhand,40,Dhanbad,RANJEET SINGH ALIAS BABLU SINGH,MALE,43,GENERAL,IND,2852
S27,Jharkhand,40,Dhanbad,VIKASH RANJAN,MALE,46,GENERAL,LJP,2426
S27,Jharkhand,40,Dhanbad,VIPIN KUMAR,MALE,45,GENERAL,JD(U),1759
S27,Jharkhand,40,Dhanbad,PRADIP MOHAN SAHAY,MALE,52,GENERAL,AJSUP,1724
S27,Jharkhand,40,Dhanbad,SAROJ KUMAR SINGH,MALE,42,GENERAL,JVM,1458
S27,Jharkhand,40,Dhanbad,AM JANMA PRASAD,MALE,55,GENERAL,BSP,1145
S27,Jharkhand,40,Dhanbad,RAHUL KUMAR PASWAN,MALE,26,GENERAL,CPI(ML)(L),972
S27,Jharkhand,40,Dhanbad,11 UMESH PASWAN,MALE,55,GENERAL,IND,927
S27,Jharkhand,40,Dhanbad,LAKSHMI DEVI,FEMALE,40,SC,IND,831
S27,Jharkhand,40,Dhanbad,RAJ KUMAR SONI,MALE,52,GENERAL,AAAP,670
S27,Jharkhand,40,Dhanbad,MEGHNATH RAWANI,MALE,47,GENERAL,IND,660
S27,Jharkhand,40,Dhanbad,BIRU ANAND SINGH,MALE,30,GENERAL,MCO,531
S27,Jharkhand,40,Dhanbad,MANILAL MAHTO,MALE,40,GENERAL,JMM(U),457
S27,Jharkhand,40,Dhanbad,RAM VINAY SINGH,MALE,63,GENERAL,HAMS,390
S27,Jharkhand,40,Dhanbad,K.C. SINGH RAJ,MALE,67,GENERAL,IND,330
S27,Jharkhand,40,Dhanbad,MERAJ KHAN,MALE,40,GENERAL,SP,308
S27,Jharkhand,40,Dhanbad,BINOD CHANDRAWANSHI,MALE,31,GENERAL,PPID,244
S27,Jharkhand,40,Dhanbad,SURENDRA KUMAR,MALE,66,GENERAL,IND,234
S27,Jharkhand,40,Dhanbad,MOHAMMAD FAISAL KHAN,MALE,35,GENERAL,BDlP,223
S27,Jharkhand,40,Dhanbad,SANJAY PASWAN,MALE,34,SC,IND,205
S27,Jharkhand,41,Jharia,PURNIMA NIRAJ SINGH,FEMALE,34,GENERAL,INC,79786
S27,Jharkhand,41,Jharia,RAGINI SINGH,FEMALE,38,GENERAL,BJP,67732
S27,Jharkhand,41,Jharia,YOGENDRA YADAV,MALE,60,GENERAL,JVM,2779
S27,Jharkhand,41,Jharia,ABADHESH KUMAR,MALE,32,GENERAL,AJSUP,1279
S27,Jharkhand,41,Jharia,MD ALAM ANSARI,MALE,44,GENERAL,IND,1006
S27,Jharkhand,41,Jharia,RUDAL PASWAN,MALE,35,GENERAL,HAMS,742
S27,Jharkhand,41,Jharia,SAHJADI KHATOON,FEMALE,32,GENERAL,JSVP,652
S27,Jharkhand,41,Jharia,9 AJAZ KHAN,MALE,44,GENERAL,BSP,631
S27,Jharkhand,41,Jharia,SHIVCHARAN SHARMA,MALE,49,GENERAL,IND,582
S27,Jharkhand,41,Jharia,11 SALIK HUSSAIN,MALE,28,GENERAL,RUC,551
S27,Jharkhand,41,Jharia,JANKI DEVI,FEMALE,39,GENERAL,APoI,513
S27,Jharkhand,41,Jharia,VICKY KUMAR,MALE,31,GENERAL,IND,464
S27,Jharkhand,41,Jharia,USHA DEVI,FEMALE,40,SC,AITC,348
S27,Jharkhand,41,Jharia,DINANATH THAKUR,MALE,48,GENERAL,LJP,259
S27,Jharkhand,41,Jharia,VIJAY KUMAR RAY,MALE,47,GENERAL,SP,206
S27,Jharkhand,41,Jharia,INDRA JEET SINGH,MALE,53,GENERAL,IND,180
S27,Jharkhand,41,Jharia,SURAJ SINGH,MALE,36,GENERAL,IND,163
S27,Jharkhand,42,Tundi,MATHURA PRASAD MAHATO,MALE,52,GENERAL,JMM,72552
S27,Jharkhand,42,Tundi,VIKRAM PANDEY,MALE,36,GENERAL,BJP,46893
S27,Jharkhand,42,Tundi,SABA AHMAD,MALE,71,GENERAL,JVM,25547
S27,Jharkhand,42,Tundi,RAJ KISHORE MAHATO,MALE,73,GENERAL,AJSUP,15946
S27,Jharkhand,42,Tundi,DIP NARAYAN SINGH,MALE,46,GENERAL,AAAP,7702
S27,Jharkhand,42,Tundi,GYAN RANJAN SINHA,MALE,57,GENERAL,IND,7472
S27,Jharkhand,42,Tundi,KISHOR KUMAR TIWARY,MALE,42,GENERAL,JD(U),5067
S27,Jharkhand,42,Tundi,BHASKAR PRASAD OJHA,MALE,50,GENERAL,BSP,3224
S27,Jharkhand,42,Tundi,MD. SHAUKAT RAZA,MALE,50,GENERAL,IND,1979
S27,Jharkhand,42,Tundi,11 DWARAKA PRASAD LALA,MALE,69,GENERAL,IND,1569
S27,Jharkhand,42,Tundi,PRADAIP KUMAR MODI,MALE,37,GENERAL,IND,1339
S27,Jharkhand,42,Tundi,SURENDRA SHARMA,MALE,50,GENERAL,CPI,1160
S27,Jharkhand,42,Tundi,GOPAL MAHALI,MALE,55,GENERAL,AIFB,536
S27,Jharkhand,43,Baghmara,DULU MAHATO,MALE,44,GENERAL,BJP,78291
S27,Jharkhand,43,Baghmara,JALESHWAR MAHATO,MALE,70,GENERAL,INC,77467
S27,Jharkhand,43,Baghmara,SUBHASH RAY,MALE,46,GENERAL,JD(U),6528
S27,Jharkhand,43,Baghmara,BINAYAK KUMAR GUPTA,MALE,43,GENERAL,IND,3527
S27,Jharkhand,43,Baghmara,SANTOSH KUMAR MAHATO,MALE,34,GENERAL,JVM,3264
S27,Jharkhand,43,Baghmara,KANHAI SINGH,MALE,37,GENERAL,BSP,2073
S27,Jharkhand,43,Baghmara,RAJESH KUMAR SWARNAKAR,MALE,39,GENERAL,IND,1881
S27,Jharkhand,43,Baghmara,NITESH THAKKAR,MALE,49,GENERAL,IND,1593
S27,Jharkhand,43,Baghmara,PINTU KUMAR GUPTA,MALE,34,GENERAL,IND,783
S27,Jharkhand,43,Baghmara,11 DHARMENDRA KUMAR BHUIA,MALE,28,SC,HAMS,679
S27,Jharkhand,43,Baghmara,AMRENDRA KUMAR,MALE,33,GENERAL,IND,364
S27,Jharkhand,43,Baghmara,SANTOSH KUMAR DUBEY,MALE,33,GENERAL,AAAP,359
S27,Jharkhand,43,Baghmara,INDU DEVI,FEMALE,42,GENERAL,IND,306
S27,Jharkhand,43,Baghmara,KANCHAN SINGH,FEMALE,32,GENERAL,IND,284
S27,Jharkhand,43,Baghmara,MD. MOZAHID,MALE,40,GENERAL,SP,244
S27,Jharkhand,44,Baharagora,SAMIR Kr. MOHANTY,MALE,49,GENERAL,JMM,106017
S27,Jharkhand,44,Baharagora,KUNAL SHADANGI,MALE,38,GENERAL,BJP,45452
S27,Jharkhand,44,Baharagora,SWAPAN KUMAR MAHATO,MALE,46,GENERAL,CPIM,8167
S27,Jharkhand,44,Baharagora,SANAT KUMAR MAHATO,MALE,64,GENERAL,CPI,2249
S27,Jharkhand,44,Baharagora,DURGAPADA  GHOSH,MALE,54,GENERAL,IND,2049
S27,Jharkhand,44,Baharagora,HARMOHAN  MAHATO,MALE,45,GENERAL,JVM,805
S27,Jharkhand,44,Baharagora,KIRTIBAS  MANDAL,MALE,35,GENERAL,IND,801
S27,Jharkhand,44,Baharagora,9 BARHA MURMU,MALE,30,ST,IND,688
S27,Jharkhand,44,Baharagora,BIRAM SINGH TOPNO,MALE,26,ST,APoI,661
S27,Jharkhand,44,Baharagora,11 KULVINDER SINGH,MALE,44,GENERAL,AITC,575
S27,Jharkhand,44,Baharagora,AJAY KUMAR MISHRA,MALE,57,GENERAL,IND,540
S27,Jharkhand,44,Baharagora,BISHWAJIT  SARKAR,MALE,48,GENERAL,IND,493
S27,Jharkhand,44,Baharagora,ASHA RANI PAUL,FEMALE,28,GENERAL,SUCI(C),366
S27,Jharkhand,44,Baharagora,KRISHNA CHANDRA JANA,MALE,33,GENERAL,AMB,357
S27,Jharkhand,45,Ghatsila,Ramdas Soren,MALE,56,ST,JMM,63531
S27,Jharkhand,45,Ghatsila,Lakhan Chandra Mardi,MALE,42,ST,BJP,56807
S27,Jharkhand,45,Ghatsila,Pradeep Kumar Balmuchu,MALE,63,ST,AJSUP,31910
S27,Jharkhand,45,Ghatsila,BISWANATH SINGH,MALE,45,ST,IND,2293
S27,Jharkhand,45,Ghatsila,Surya Singh Besra,MALE,57,ST,JKPP,2255
S27,Jharkhand,45,Ghatsila,Kanai Murmu,MALE,34,ST,CPI,1868
S27,Jharkhand,45,Ghatsila,Dr Sunita Debdoot Soren,FEMALE,43,ST,JVM,1738
S27,Jharkhand,45,Ghatsila,Amit Kumar Singh,MALE,43,ST,JD(U),1706
S27,Jharkhand,45,Ghatsila,9 Bahadur Soren,MALE,45,ST,IND,1561
S27,Jharkhand,45,Ghatsila,Lakhi Pado Singh,MALE,44,ST,IND,1505
S27,Jharkhand,45,Ghatsila,11 Sunil Kumar Murmu,MALE,42,ST,IND,1386
S27,Jharkhand,45,Ghatsila,Jujhar Soren,MALE,26,ST,IND,953
S27,Jharkhand,45,Ghatsila,Jaypal Soren,MALE,32,ST,IND,633
S27,Jharkhand,45,Ghatsila,Jugal Singh,MALE,55,ST,IND,508
S27,Jharkhand,45,Ghatsila,Bijan Sardar,MALE,47,ST,SUCI(C),469
S27,Jharkhand,45,Ghatsila,Anand Hembram,MALE,36,ST,BHAZS,297
S27,Jharkhand,46,Potka,Sanjib Sardar,MALE,36,ST,JMM,110753
S27,Jharkhand,46,Potka,Menka Sardar,FEMALE,50,ST,BJP,67643
S27,Jharkhand,46,Potka,Bulu Rani Singh,FEMALE,31,ST,AJSUP,5735
S27,Jharkhand,46,Potka,Naresh Kumar Murmu,MALE,53,ST,JVM,3891
S27,Jharkhand,46,Potka,Ishwar Soren,MALE,58,ST,JD(U),2127
S27,Jharkhand,46,Potka,Bir Singh Deogam,MALE,32,ST,RTORP,1872
S27,Jharkhand,46,Potka,Sirma Dewgam,MALE,34,ST,IND,1330
S27,Jharkhand,46,Potka,9 Diku Vesar,MALE,36,ST,SUCI(C),1133
S27,Jharkhand,46,Potka,Sunita Murmu,FEMALE,28,ST,IND,915
S27,Jharkhand,46,Potka,11 Jeetrai Hansda,MALE,42,ST,JKPP,758
S27,Jharkhand,47,Jugsalai,MANGAL KALINDI,MALE,42,SC,JMM,88581
S27,Jharkhand,47,Jugsalai,MUCHIRAM BAURI,MALE,41,SC,BJP,66647
S27,Jharkhand,47,Jugsalai,RAM CHANDRA SAHIS,MALE,44,SC,AJSUP,46779
S27,Jharkhand,47,Jugsalai,RAMCHANDRA PASWAN,MALE,61,SC,JVM,3008
S27,Jharkhand,47,Jugsalai,BIJAY MUKHI,MALE,41,SC,APoI,1922
S27,Jharkhand,47,Jugsalai,VISHAL KUMAR DAS,MALE,34,SC,IND,1411
S27,Jharkhand,47,Jugsalai,BABLU RUHIDAS,MALE,30,SC,SHS,1362
S27,Jharkhand,47,Jugsalai,9 MALAY KUMAR BEHERA,MALE,28,SC,PPID,1287
S27,Jharkhand,47,Jugsalai,CHAITU RAM,MALE,67,SC,BSP,1223
S27,Jharkhand,47,Jugsalai,11 MOHAN LAL RAJAK,MALE,48,SC,AMB,1000
S27,Jharkhand,48,Jamshedpur  East,Saryu Roy,MALE,68,GENERAL,IND,73945
S27,Jharkhand,48,Jamshedpur  East,RAGHUBAR DAS,MALE,64,GENERAL,BJP,58112
S27,Jharkhand,48,Jamshedpur  East,GOURAV VALLABH,MALE,42,GENERAL,INC,18976
S27,Jharkhand,48,Jamshedpur  East,ABHAY SINGH,MALE,49,GENERAL,JVM,11772
S27,Jharkhand,48,Jamshedpur  East,Gopal Lohar,MALE,45,GENERAL,IND,2425
S27,Jharkhand,48,Jamshedpur  East,Banty Kumar Singh,MALE,32,GENERAL,IND,959
S27,Jharkhand,48,Jamshedpur  East,Dharmendra Kumar Singh,MALE,52,GENERAL,IND,925
S27,Jharkhand,48,Jamshedpur  East,9 SHANKAR PRATAP VISHWAKARMA,MALE,50,GENERAL,BSP,879
S27,Jharkhand,48,Jamshedpur  East,Kunj Bibhar,MALE,42,GENERAL,IND,818
S27,Jharkhand,48,Jamshedpur  East,11 Gyan Sagar Prasad,MALE,59,GENERAL,IND,440
S27,Jharkhand,48,Jamshedpur  East,Vijay Kumar Singh,MALE,42,GENERAL,IND,414
S27,Jharkhand,48,Jamshedpur  East,SOMRA TIRKEY,MALE,69,GENERAL,APoI,408
S27,Jharkhand,48,Jamshedpur  East,DHARMENDRA KUMAR SHARMA,MALE,28,GENERAL,RJBP,357
S27,Jharkhand,48,Jamshedpur  East,ANAND KUMAR PATRALEKH,MALE,43,GENERAL,YKP,334
S27,Jharkhand,48,Jamshedpur  East,Rajesh Kumar Sinha,MALE,39,GENERAL,IND,306
S27,Jharkhand,48,Jamshedpur  East,INDRA HEMBRAM,MALE,38,GENERAL,RADP,306
S27,Jharkhand,48,Jamshedpur  East,Ishwari Rana,MALE,47,GENERAL,IND,299
S27,Jharkhand,48,Jamshedpur  East,DEBJANI BISWAS,FEMALE,43,GENERAL,AMB,263
S27,Jharkhand,48,Jamshedpur  East,INDRAJIT KUMAR CHANDEL,MALE,62,GENERAL,RTORP,261
S27,Jharkhand,48,Jamshedpur  East,TARKESHWAR TIWARY,MALE,41,GENERAL,SHS,208
S27,Jharkhand,49,Jamshedpur  West,Banna Gupta,MALE,46,GENERAL,INC,96778
S27,Jharkhand,49,Jamshedpur  West,Devendra Nath Singh,MALE,59,GENERAL,BJP,74195
S27,Jharkhand,49,Jamshedpur  West,Reyaz Sharif,MALE,35,GENERAL,AIMIM,8005
S27,Jharkhand,49,Jamshedpur  West,Naresh Kumar Tandiya,MALE,47,GENERAL,IND,2949
S27,Jharkhand,49,Jamshedpur  West,Shambhu Nath Choudhary,MALE,36,GENERAL,AAAP,1905
S27,Jharkhand,49,Jamshedpur  West,Brijesh Singh,MALE,42,GENERAL,AJSUP,1768
S27,Jharkhand,49,Jamshedpur  West,Pankaj Kumar,MALE,40,GENERAL,JVM,1040
S27,Jharkhand,49,Jamshedpur  West,9 Tarun Kumar,MALE,45,GENERAL,IND,746
S27,Jharkhand,49,Jamshedpur  West,Rakesh Kumar,MALE,42,GENERAL,IND,477
S27,Jharkhand,49,Jamshedpur  West,11 Bablu Prasad Dangi,MALE,38,GENERAL,IND,423
S27,Jharkhand,49,Jamshedpur  West,Sunil Mukhi,MALE,43,SC,APoI,384
S27,Jharkhand,49,Jamshedpur  West,Hema Ghosh,FEMALE,41,GENERAL,AITC,347
S27,Jharkhand,49,Jamshedpur  West,Umesh Kumar,MALE,45,GENERAL,IND,298
S27,Jharkhand,49,Jamshedpur  West,Dipankar Bhattacharjee,MALE,59,GENERAL,IND,282
S27,Jharkhand,49,Jamshedpur  West,Akash Kumar Tanti,MALE,31,GENERAL,IND,231
S27,Jharkhand,49,Jamshedpur  West,Mahesh Kumar,MALE,37,GENERAL,RTORP,225
S27,Jharkhand,49,Jamshedpur  West,Sanjay Karmakar,MALE,28,GENERAL,IND,164
S27,Jharkhand,49,Jamshedpur  West,Quameruddin Razi,MALE,42,GENERAL,IUML,135
S27,Jharkhand,49,Jamshedpur  West,Shailesh Sharma,MALE,37,GENERAL,AHNP,130
S27,Jharkhand,49,Jamshedpur  West,Mobin Khan,MALE,61,GENERAL,IND,102
S27,Jharkhand,50,Ichagarh,SABITA MAHATO,FEMALE,45,GENERAL,JMM,57546
S27,Jharkhand,50,Ichagarh,HARE LAL MAHATO,MALE,46,GENERAL,AJSUP,38836
S27,Jharkhand,50,Ichagarh,SADHU CHARAN MAHATO,MALE,46,GENERAL,BJP,38485
S27,Jharkhand,50,Ichagarh,ARVIND KUMAR SINGH,MALE,58,GENERAL,IND,32206
S27,Jharkhand,50,Ichagarh,NARAYAN CHANDRA GOPE,MALE,45,GENERAL,IND,2798
S27,Jharkhand,50,Ichagarh,GURU PAD MAHATO,MALE,39,GENERAL,IND,2237
S27,Jharkhand,50,Ichagarh,VIJAY MAHATO,MALE,55,GENERAL,LJP,2011
S27,Jharkhand,50,Ichagarh,BINOD RAY,MALE,32,GENERAL,JVM,1839
S27,Jharkhand,50,Ichagarh,9 KIYAM HUSSIN,MALE,30,GENERAL,IND,1496
S27,Jharkhand,50,Ichagarh,BANU SINGH SARDAR,MALE,30,ST,PSPL,1461
S27,Jharkhand,50,Ichagarh,11 JAGDISH CHANDRA MAHATO,MALE,30,GENERAL,IND,1329
S27,Jharkhand,50,Ichagarh,BYAS DEV MAHATO,MALE,34,GENERAL,AMB,1325
S27,Jharkhand,50,Ichagarh,PRAVESH KUMAR,MALE,42,GENERAL,RPI(A),1269
S27,Jharkhand,50,Ichagarh,SEKH AKHIRUDDIN,MALE,54,GENERAL,JKP(N),1157
S27,Jharkhand,50,Ichagarh,ANAND GOPE,MALE,59,GENERAL,IND,1117
S27,Jharkhand,50,Ichagarh,BISHNU KALINDI,MALE,27,SC,IND,1073
S27,Jharkhand,50,Ichagarh,SHAILENDRA MAHATO,MALE,37,GENERAL,JD(U),906
S27,Jharkhand,50,Ichagarh,LEKHNATH NISHAD,MALE,44,GENERAL,IND,870
S27,Jharkhand,50,Ichagarh,NEPAL KISKU,MALE,49,ST,SUCI(C),846
S27,Jharkhand,50,Ichagarh,SHAILESH KUMAR SINGH,MALE,49,GENERAL,IND,789
S27,Jharkhand,50,Ichagarh,DHANESHWAR MAHATO,MALE,46,GENERAL,BSP,773
S27,Jharkhand,50,Ichagarh,DOMAN CHANDRA MANJHI,MALE,50,ST,APoI,720
S27,Jharkhand,50,Ichagarh,AGNI BARDHAN SINGH,MALE,30,GENERAL,SHS,697
S27,Jharkhand,50,Ichagarh,PRAMOD KUMAR SINGH,MALE,39,GENERAL,IND,658
S27,Jharkhand,50,Ichagarh,AMBUJ KUMAR,MALE,43,GENERAL,NAGADHP,549
S27,Jharkhand,50,Ichagarh,RANJIT MAHATO,MALE,46,GENERAL,AIFB,511
S27,Jharkhand,50,Ichagarh,SAMR KUMAR,MALE,61,GENERAL,IND,503
S27,Jharkhand,50,Ichagarh,JITENDRA THAKUR,MALE,63,GENERAL,IND,471
S27,Jharkhand,50,Ichagarh,NIRMAL KUMAR MAHATO,MALE,42,GENERAL,RAIM,460
S27,Jharkhand,50,Ichagarh,ASIM KUMAR,MALE,45,GENERAL,AHNP,413
S27,Jharkhand,50,Ichagarh,SANTOSH KUMAR,MALE,30,GENERAL,BHAZS,306
S27,Jharkhand,51,Saraikella,CHAMPAI SOREN,MALE,63,ST,JMM,111554
S27,Jharkhand,51,Saraikella,GANESH MAHALI,MALE,44,ST,BJP,95887
S27,Jharkhand,51,Saraikella,ANANT RAM TUDU,MALE,59,ST,AJSUP,9956
S27,Jharkhand,51,Saraikella,RAVINDRA ORAON,MALE,38,ST,BSP,2503
S27,Jharkhand,51,Saraikella,BISHWA VIJAY MARDI,MALE,49,ST,APoI,2074
S27,Jharkhand,51,Saraikella,ANIL SOREN,MALE,32,ST,JVM,1985
S27,Jharkhand,51,Saraikella,SATYANARAYAN GOND,MALE,59,ST,JD(U),1723
S27,Jharkhand,52,Chaibasa,DEEPAK BIRUA,MALE,51,ST,JMM,69485
S27,Jharkhand,52,Chaibasa,J. B. TUBID,MALE,61,ST,BJP,43326
S27,Jharkhand,52,Chaibasa,CHANDMANI BALMUCHU,FEMALE,37,ST,JVM,6808
S27,Jharkhand,52,Chaibasa,PUSHPA SINKU,FEMALE,30,ST,IND,4510
S27,Jharkhand,52,Chaibasa,TURAM BIRULY,MALE,27,ST,AITC,2169
S27,Jharkhand,52,Chaibasa,BIMAL KUMAR SUMBRUI,MALE,49,ST,JD(U),2164
S27,Jharkhand,52,Chaibasa,MANGAL SINGH SUNDI,MALE,42,ST,IND,1544
S27,Jharkhand,52,Chaibasa,9 MEWALAL HONHAGA,MALE,69,ST,BSP,1360
S27,Jharkhand,52,Chaibasa,BACE BURIULY,MALE,30,ST,IND,1123
S27,Jharkhand,52,Chaibasa,11 BUDHAN BARI,MALE,29,ST,BHAZS,999
S27,Jharkhand,52,Chaibasa,MANKI SAWAIYAN,MALE,46,ST,APoI,884
S27,Jharkhand,52,Chaibasa,NITIN ROSHAN EKKA,MALE,32,ST,SUCI(C),507
S27,Jharkhand,52,Chaibasa,PUSHPA SAWAIYAN,FEMALE,25,ST,AAAP,447
S27,Jharkhand,53,Majhganon,NIRAL PURTY,MALE,50,ST,JMM,67750
S27,Jharkhand,53,Majhganon,BHUPENDRA PINGUA,MALE,46,ST,BJP,20558
S27,Jharkhand,53,Majhganon,BARKUWAR GAGRAI,MALE,50,ST,BHAZS,13502
S27,Jharkhand,53,Majhganon,NANDLAL BIRUA,MALE,29,ST,AJSUP,7653
S27,Jharkhand,53,Majhganon,MADHAV CHANDRA KUNKAL,MALE,28,ST,IND,5170
S27,Jharkhand,53,Majhganon,JOSEPH PURTY,MALE,40,ST,JVM,2660
S27,Jharkhand,53,Majhganon,ASHOK BIRUA,MALE,48,ST,IND,2259
S27,Jharkhand,53,Majhganon,SUBHASH CHANDRA PINGUA,MALE,51,ST,IND,2194
S27,Jharkhand,53,Majhganon,9 SALKHAN MURMU,MALE,67,ST,JD(U),1889
S27,Jharkhand,53,Majhganon,SANJAY BOIPAI,MALE,41,ST,IND,1409
S27,Jharkhand,53,Majhganon,11 SUKHDEO BIRULI,MALE,55,ST,BSP,1254
S27,Jharkhand,53,Majhganon,ROSHNI SINKU,FEMALE,27,ST,AAAP,1116
S27,Jharkhand,53,Majhganon,CHARAN CHATTAR,MALE,29,ST,JKP,999
S27,Jharkhand,53,Majhganon,JOGESH KALUNDIA,MALE,29,ST,APoI,946
S27,Jharkhand,53,Majhganon,VIVEKANAND HESSA,MALE,25,ST,JKPP,714
S27,Jharkhand,53,Majhganon,BINOD KUMAR SAWAIYAN,MALE,50,ST,JMM(U),610
S27,Jharkhand,54,Jagannathpur,SONA RAM SINKU,MALE,45,ST,INC,32499
S27,Jharkhand,54,Jagannathpur,MANGAL SINGH BOBONGA,MALE,57,ST,JVM,20893
S27,Jharkhand,54,Jagannathpur,SUDHIR KUMAR SUNDI,MALE,57,ST,BJP,16450
S27,Jharkhand,54,Jagannathpur,MANGAL SINGH SUREN,MALE,30,ST,AJSUP,14222
S27,Jharkhand,54,Jagannathpur,LAXMI SUREN,FEMALE,33,ST,IND,6617
S27,Jharkhand,54,Jagannathpur,SUNNY SINKU,MALE,48,ST,AITC,5062
S27,Jharkhand,54,Jagannathpur,MANSINGH TIRIYA,MALE,35,ST,IND,4415
S27,Jharkhand,54,Jagannathpur,9 JAYA RANI PAREYA,FEMALE,56,ST,IND,2489
S27,Jharkhand,54,Jagannathpur,JAGJEEVAN KERAI,MALE,30,ST,IND,1709
S27,Jharkhand,54,Jagannathpur,11 JAY SINGH SINKU,MALE,36,ST,APoI,1539
S27,Jharkhand,54,Jagannathpur,RAJESH SINKU,MALE,44,ST,RPI(A),1396
S27,Jharkhand,54,Jagannathpur,SONU KUNKAL,MALE,34,ST,BSP,1155
S27,Jharkhand,54,Jagannathpur,AMIT KUMAR LAGURI,MALE,34,ST,IND,1020
S27,Jharkhand,55,Manoharpur,JOBA MAJHI,FEMALE,55,ST,JMM,50945
S27,Jharkhand,55,Manoharpur,GURUCHARAN NAYAK,MALE,53,ST,BJP,34926
S27,Jharkhand,55,Manoharpur,BIRSA MUNDA,MALE,56,ST,AJSUP,13468
S27,Jharkhand,55,Manoharpur,SUSHILA TOPPO,FEMALE,50,ST,JVM,3557
S27,Jharkhand,55,Manoharpur,SUSHIL DANG,MALE,35,ST,APoI,2952
S27,Jharkhand,55,Manoharpur,SABAN HEMBROM,MALE,29,ST,JKP,2836
S27,Jharkhand,55,Manoharpur,DIMPAL MUNDA,FEMALE,31,ST,JD(U),1674
S27,Jharkhand,55,Manoharpur,9 LAXMAN MELGANDI,MALE,53,ST,BHAZS,1504
S27,Jharkhand,55,Manoharpur,PARDESHI LAL MUNDA,MALE,31,ST,BSP,1437
S27,Jharkhand,55,Manoharpur,11 DINESH CHANDRA BOIPAI,MALE,36,ST,SUCI(C),1178
S27,Jharkhand,55,Manoharpur,SATYANAND LOMGA,MALE,46,ST,BTP,1040
S27,Jharkhand,55,Manoharpur,MUNILAL SURIN,MALE,52,ST,AAAP,641
S27,Jharkhand,55,Manoharpur,RITUTRAJ SINGH,MALE,27,ST,SHS,601
S27,Jharkhand,55,Manoharpur,BARNABAS BARJO,MALE,35,ST,HBP,595
S27,Jharkhand,56,Chakradharpur,SUKHRAM ORAON,MALE,53,ST,JMM,43832
S27,Jharkhand,56,Chakradharpur,LAXMAN GILUWA,MALE,54,ST,BJP,31598
S27,Jharkhand,56,Chakradharpur,SHASHIBHUSAN SAMAD,MALE,63,ST,JVM,17487
S27,Jharkhand,56,Chakradharpur,RAMLAL MUNDA,MALE,40,ST,AJSUP,17232
S27,Jharkhand,56,Chakradharpur,CHAMPAI BOIPAI,MALE,47,ST,APoI,1412
S27,Jharkhand,56,Chakradharpur,MARSHAL SOY,MALE,36,ST,IND,1111
S27,Jharkhand,56,Chakradharpur,SUKHDEO HEMBROM,MALE,68,ST,JKP,813
S27,Jharkhand,56,Chakradharpur,9 NANDU BARLA,MALE,42,ST,IND,802
S27,Jharkhand,56,Chakradharpur,BIKASH SINGH PURTY,MALE,30,ST,BSP,796
S27,Jharkhand,56,Chakradharpur,11 PUSHPA MUNDA,FEMALE,35,ST,IND,698
S27,Jharkhand,56,Chakradharpur,BIRSINGH JAMUDA,MALE,30,ST,IND,651
S27,Jharkhand,56,Chakradharpur,SELAY MUNDA,MALE,30,ST,JP,507
S27,Jharkhand,57,Kharasawan,DASHRATH GAGRAI,MALE,43,ST,JMM,73341
S27,Jharkhand,57,Kharasawan,JAWAHAR LAL BANRA,MALE,60,ST,BJP,50546
S27,Jharkhand,57,Kharasawan,SANJAY JARIKA,MALE,42,ST,AJSUP,9451
S27,Jharkhand,57,Kharasawan,RAM HONHAGA,MALE,40,ST,JVM,3134
S27,Jharkhand,57,Kharasawan,HIRALAL HEMBRAM,MALE,33,ST,IND,2589
S27,Jharkhand,57,Kharasawan,BHAGWAT PRASAD MAJHI,MALE,79,ST,IND,2498
S27,Jharkhand,57,Kharasawan,KUNVAR SINH BANRA,MALE,49,ST,JD(U),1742
S27,Jharkhand,57,Kharasawan,9 GARDI SOY,MALE,28,ST,IND,1453
S27,Jharkhand,57,Kharasawan,PRADHAN PASINGH GUNDUA,MALE,52,ST,IND,1450
S27,Jharkhand,57,Kharasawan,11 JEMSH HEMBROM,MALE,49,ST,BSP,1146
S27,Jharkhand,57,Kharasawan,JINGI HEMBROM,FEMALE,53,ST,JKP,1001
S27,Jharkhand,57,Kharasawan,SUMERIYAN KANDEYANG,FEMALE,29,ST,IND,739
S27,Jharkhand,57,Kharasawan,AJAY HONHAGA,MALE,28,ST,IND,522
S27,Jharkhand,57,Kharasawan,KANDE RAM KURLI,MALE,45,ST,JP,380
S27,Jharkhand,57,Kharasawan,MANGAL SINGH HASDA,MALE,47,ST,PPID,355
S27,Jharkhand,57,Kharasawan,JAYMOHAN SARDAR,MALE,49,ST,AMB,350
S27,Jharkhand,58,Tamar,VIKAS KUMAR MUNDA,MALE,35,ST,JMM,55491
S27,Jharkhand,58,Tamar,RAM DURLAV SINGH MUNDA,MALE,42,ST,AJSUP,24520
S27,Jharkhand,58,Tamar,REETA DEVI,FEMALE,42,ST,BJP,18082
S27,Jharkhand,58,Tamar,GOPAL KRISHNA PATAR,MALE,57,ST,NCP,16517
S27,Jharkhand,58,Tamar,PREM SHANKAR SHAHI MUNDA,MALE,43,ST,JVM,4225
S27,Jharkhand,58,Tamar,PRAKASH CHANDRA ORAON,MALE,68,ST,IND,3725
S27,Jharkhand,58,Tamar,KUNDAN PAHAN,MALE,39,ST,JKP,2932
S27,Jharkhand,58,Tamar,SANJAY KUMAR MUNDA,MALE,31,ST,IND,2488
S27,Jharkhand,58,Tamar,9 KISHOR KUMAR BHAGAT,MALE,38,ST,AITC,1910
S27,Jharkhand,58,Tamar,SUNIL KUMAR MUNDA,MALE,44,ST,JD(U),1765
S27,Jharkhand,58,Tamar,11 RAKSHITESH KUMAR SINGH,MALE,47,ST,JKPS,1613
S27,Jharkhand,58,Tamar,DEVI DAYAL MUNDA,MALE,47,ST,BSP,1519
S27,Jharkhand,58,Tamar,BALIRAM MUNDA,MALE,46,ST,IND,1449
S27,Jharkhand,58,Tamar,DAL CHAND SINGH,MALE,58,ST,APoI,1342
S27,Jharkhand,58,Tamar,SONI OREYA,FEMALE,26,ST,RTMP,1289
S27,Jharkhand,58,Tamar,LAXMI MUNDA,MALE,48,ST,IND,1192
S27,Jharkhand,58,Tamar,HARADHAN SINGH MUNDA,MALE,54,ST,IND,518
S27,Jharkhand,59,Torpa,KOCHE MUNDA,MALE,61,ST,BJP,43482
S27,Jharkhand,59,Torpa,SUDEEP GURIA,MALE,38,ST,JMM,33852
S27,Jharkhand,59,Torpa,PAULUS SURIN,MALE,49,ST,IND,19234
S27,Jharkhand,59,Torpa,SUBHAS KONGARI,MALE,31,ST,JKP,6190
S27,Jharkhand,59,Torpa,ISHWARDUTT MARSHAL MUNDU,MALE,57,ST,JVM,4910
S27,Jharkhand,59,Torpa,SUDHIR DANG,MALE,36,ST,JD(U),3560
S27,Jharkhand,59,Torpa,SAHDEV CHIK BADAIK,MALE,39,ST,IND,1907
S27,Jharkhand,59,Torpa,9 ABINASHI MUNDU,FEMALE,35,ST,LJP,1121
S27,Jharkhand,60,Khunti,NILKANTH SINGH MUNDA,MALE,51,ST,BJP,59198
S27,Jharkhand,60,Khunti,SUSHIL PAHAN,MALE,61,ST,JMM,32871
S27,Jharkhand,60,Khunti,DAYAMANI BARLA,FEMALE,49,ST,JVM,20726
S27,Jharkhand,60,Khunti,MASIH CHARAN MUNDA,MALE,44,ST,IND,6964
S27,Jharkhand,60,Khunti,PASTAR SANJAY KUMAR TIRKEY,MALE,26,ST,IND,1653
S27,Jharkhand,60,Khunti,MEENAKSHI MUNDA,FEMALE,40,ST,BTP,1623
S27,Jharkhand,60,Khunti,SOMA KAITHA,MALE,46,ST,BSP,1579
S27,Jharkhand,60,Khunti,AM SURYA MUNDA,MALE,39,ST,JKP,1385
S27,Jharkhand,60,Khunti,KALYAN NAG,MALE,58,ST,APoI,998
S27,Jharkhand,60,Khunti,11 SHYAM SUNDAR KACHHAP,MALE,46,ST,JD(U),912
S27,Jharkhand,60,Khunti,WILSON PURTY,MALE,42,ST,AKBJHP,698
S27,Jharkhand,61,Silli,SUDESH KUMAR MAHTO,MALE,44,GENERAL,AJSUP,83700
S27,Jharkhand,61,Silli,Seema Devi,FEMALE,30,GENERAL,JMM,63505
S27,Jharkhand,61,Silli,Bishwadeo Singh Munda,MALE,53,ST,CPIM,2766
S27,Jharkhand,61,Silli,AMIT KUMAR,MALE,41,GENERAL,IND,2018
S27,Jharkhand,61,Silli,DEVENDRA NATH MAHTO,MALE,28,GENERAL,IND,1445
S27,Jharkhand,61,Silli,Anil Kumar Mahto,MALE,33,GENERAL,PPID,911
S27,Jharkhand,61,Silli,UMESH MAHTO,MALE,33,GENERAL,JVM,760
S27,Jharkhand,61,Silli,9 Sumeet Kumar,MALE,38,SC,PBI,491
S27,Jharkhand,61,Silli,Sunil Kumar Mahto,MALE,38,GENERAL,IND,425
S27,Jharkhand,61,Silli,11 NARESH CHANDRA KARJEE,MALE,62,GENERAL,PSS,364
S27,Jharkhand,61,Silli,KINU RAM BEDIYA,MALE,35,ST,JKP,331
S27,Jharkhand,61,Silli,Rajeshavar Mahto,MALE,43,GENERAL,IND,270
S27,Jharkhand,61,Silli,Nand Kumar Ram,MALE,58,SC,BSP,247
S27,Jharkhand,61,Silli,PRAHALAD MAHTO,MALE,58,GENERAL,SWRP,207
S27,Jharkhand,61,Silli,Deepak Kr. Manjhi,MALE,29,GENERAL,RPI(A),206
S27,Jharkhand,62,Khijri,Rajesh Kachhap,MALE,41,ST,INC,83829
S27,Jharkhand,62,Khijri,Ram Kumar Pahan,MALE,47,ST,BJP,78360
S27,Jharkhand,62,Khijri,Ramdhan Bediya,MALE,49,ST,AJSUP,29091
S27,Jharkhand,62,Khijri,Antu Tirkey,MALE,51,ST,JVM,6732
S27,Jharkhand,62,Khijri,Sarita Tirkey,FEMALE,31,ST,IND,4324
S27,Jharkhand,62,Khijri,Prafulla Linda,MALE,53,ST,CPIM,2269
S27,Jharkhand,62,Khijri,Sunil Wilson Kerketta,MALE,42,ST,JKP,1767
S27,Jharkhand,62,Khijri,9 Sion Tirkey,FEMALE,42,ST,LJVM,1296
S27,Jharkhand,62,Khijri,Madan Tuti,MALE,63,ST,APoI,1261
S27,Jharkhand,62,Khijri,11 Marcella Xalxo,FEMALE,66,ST,RTMP,1190
S27,Jharkhand,62,Khijri,Jagarnath Oraon,MALE,57,ST,CPI(ML)(L),781
S27,Jharkhand,62,Khijri,Pritam Saad Lohra,MALE,35,ST,RPI(A),677
S27,Jharkhand,62,Khijri,Priya Barike,FEMALE,29,ST,NAGADHP,588
S27,Jharkhand,62,Khijri,Bandhan Oraon,MALE,53,ST,PPID,531
S27,Jharkhand,63,Ranchi,Chandreshwar Prasad Singh,MALE,63,GENERAL,BJP,79646
S27,Jharkhand,63,Ranchi,Mahua Maji,FEMALE,54,GENERAL,JMM,73742
S27,Jharkhand,63,Ranchi,Pawan Kumar Sharma,MALE,53,GENERAL,IND,6479
S27,Jharkhand,63,Ranchi,Barsha Gari,FEMALE,42,ST,AJSUP,2603
S27,Jharkhand,63,Ranchi,Sunil Kumar Gupta,MALE,50,GENERAL,JVM,1973
S27,Jharkhand,63,Ranchi,Sanjay Sahay,MALE,48,GENERAL,JD(U),895
S27,Jharkhand,63,Ranchi,Rajan Kumar Singh,MALE,34,GENERAL,AAAP,834
S27,Jharkhand,63,Ranchi,9 Iftekhar Hassan Alias Nadeem Khan,MALE,34,GENERAL,IND,692
S27,Jharkhand,63,Ranchi,Rajesh Kumar Pandey,MALE,36,GENERAL,AITC,598
S27,Jharkhand,63,Ranchi,11 Neha Soni,FEMALE,31,GENERAL,BSP,563
S27,Jharkhand,63,Ranchi,Dinesh Soni,MALE,52,GENERAL,LJP,241
S27,Jharkhand,63,Ranchi,Jyoti Bhengra,FEMALE,58,ST,RTMP,165
S27,Jharkhand,64,Hatia,NAVIN JAISWAL,MALE,47,GENERAL,BJP,115431
S27,Jharkhand,64,Hatia,AJAY NATH SHAHDEO,MALE,49,GENERAL,INC,99167
S27,Jharkhand,64,Hatia,SUBHASH MUNDA,MALE,30,ST,CPIM,14215
S27,Jharkhand,64,Hatia,BHARAT KANSHI,MALE,34,GENERAL,AJSUP,9357
S27,Jharkhand,64,Hatia,SHOBHA YADAV,FEMALE,45,GENERAL,JVM,3470
S27,Jharkhand,64,Hatia,ARUN TIWARI,MALE,60,GENERAL,IND,1341
S27,Jharkhand,64,Hatia,AINUL ANSARI,MALE,30,GENERAL,IND,838
S27,Jharkhand,64,Hatia,9 ANUJ KUMAR SHARMA,MALE,47,GENERAL,IND,809
S27,Jharkhand,64,Hatia,URMILA YADAV,FEMALE,47,GENERAL,NAGADHP,752
S27,Jharkhand,64,Hatia,11 AENUL HAQUE,MALE,52,GENERAL,JD(U),639
S27,Jharkhand,64,Hatia,MINTU PASWAN,MALE,35,SC,SUCI(C),600
S27,Jharkhand,64,Hatia,NIRANJAN KR MAHTO,MALE,36,GENERAL,IND,541
S27,Jharkhand,64,Hatia,ALOK SHARAN PRASAD,MALE,46,GENERAL,AAAP,491
S27,Jharkhand,64,Hatia,SWASTIKA KUMARI,FEMALE,30,GENERAL,PPID,427
S27,Jharkhand,64,Hatia,RAJENDRA PRASAD SAHU,MALE,62,GENERAL,SVKP,372
S27,Jharkhand,64,Hatia,ABDULLAH AJHAR ANSARI,MALE,34,GENERAL,IUML,345
S27,Jharkhand,64,Hatia,SHRI BHAGWAN SINGH,MALE,56,GENERAL,IND,328
S27,Jharkhand,64,Hatia,YADRAM SAHU,MALE,36,GENERAL,IND,289
S27,Jharkhand,64,Hatia,VIJAY SINGH,MALE,38,GENERAL,IND,286
S27,Jharkhand,64,Hatia,DR. BASAVI KIRO,FEMALE,54,GENERAL,IND,264
S27,Jharkhand,64,Hatia,ABHIMANU KUMAR,MALE,28,GENERAL,JMM(U),185
S27,Jharkhand,64,Hatia,AMMARUL HODA,MALE,41,GENERAL,SP,161
S27,Jharkhand,65,Kanke,SAMMARI LAL,MALE,57,SC,BJP,111975
S27,Jharkhand,65,Kanke,SURESH KUMAR BAITHA,MALE,44,SC,INC,89435
S27,Jharkhand,65,Kanke,RAMJEET GANJHU,MALE,31,SC,AJSUP,29127
S27,Jharkhand,65,Kanke,KAMLESH RAM,MALE,32,SC,JVM,10391
S27,Jharkhand,65,Kanke,ASHOK KUMAR NAG,MALE,44,SC,JD(U),1678
S27,Jharkhand,65,Kanke,SHANKAR PRASAD,MALE,36,SC,LJP,1549
S27,Jharkhand,65,Kanke,SANTOSH KUMAR,MALE,30,SC,RTJHPR,1442
S27,Jharkhand,65,Kanke,AJAN NAYAK,MALE,32,SC,PPID,1345
S27,Jharkhand,65,Kanke,AVADHESH BAITHA,MALE,26,SC,BSP,1325
S27,Jharkhand,65,Kanke,11 SURENDRA MIRDHA,MALE,45,SC,LJVM,966
S27,Jharkhand,65,Kanke,ASHISH KUMAR,MALE,28,SC,RRP,867
S27,Jharkhand,65,Kanke,ARTI KUMARI NAYAK,FEMALE,28,SC,CPIM,846
S27,Jharkhand,66,Mandar,BANDHU TIRKEY,MALE,59,ST,JVM,92491
S27,Jharkhand,66,Mandar,DEO KUMAR DHAN,MALE,53,ST,BJP,69364
S27,Jharkhand,66,Mandar,SHISHIR LAKRA,MALE,43,ST,AIMIM,23592
S27,Jharkhand,66,Mandar,HEMLATA ORAON,FEMALE,34,ST,AJSUP,15708
S27,Jharkhand,66,Mandar,SUNNY TOPPO,MALE,36,ST,INC,8840
S27,Jharkhand,66,Mandar,GLADWIN PAUL MINZ,MALE,31,ST,IND,2142
S27,Jharkhand,66,Mandar,PHILMON TOPPO,MALE,56,ST,AITC,1794
S27,Jharkhand,66,Mandar,9 MUNNA LOHARA,MALE,47,ST,BSP,1458
S27,Jharkhand,66,Mandar,ETWA LOHRA,MALE,44,ST,SHS,1312
S27,Jharkhand,66,Mandar,11 SANJAY MAHLI,MALE,26,ST,PPID,1157
S27,Jharkhand,66,Mandar,SUSHIL KUJUR,MALE,30,ST,IND,1060
S27,Jharkhand,66,Mandar,SUNIL ORAON,MALE,27,ST,LJVM,989
S27,Jharkhand,66,Mandar,GEETA ORAIN,FEMALE,25,ST,RTMP,983
S27,Jharkhand,67,Sisai,JIGA SUSARAN HORO,MALE,50,ST,JMM,93720
S27,Jharkhand,67,Sisai,DINESH ORAON,MALE,56,ST,BJP,55302
S27,Jharkhand,67,Sisai,LOHOR MAIN ORAON,MALE,62,ST,JVM,2154
S27,Jharkhand,67,Sisai,SANJEET MINJ,MALE,37,ST,IND,1608
S27,Jharkhand,67,Sisai,SUNITA TOPNO,FEMALE,38,ST,JKP,1048
S27,Jharkhand,67,Sisai,SHASHI KANT BHAGAT,MALE,39,ST,IND,970
S27,Jharkhand,67,Sisai,PUNIT BHAGAT,MALE,45,ST,RADP,717
S27,Jharkhand,67,Sisai,9 SUKHDEV ORAON,MALE,47,ST,NAGADHP,607
S27,Jharkhand,67,Sisai,SANTOSH MAHLI,MALE,36,ST,BSP,498
S27,Jharkhand,67,Sisai,11 MUKTILATA TOPPO,FEMALE,40,ST,RTMP,360
S27,Jharkhand,68,Gumla,BHUSHAN TIRKEY,MALE,49,ST,JMM,67416
S27,Jharkhand,68,Gumla,MISHIR KUJUR,MALE,34,ST,BJP,59749
S27,Jharkhand,68,Gumla,RAJNEEL TIGGA,MALE,37,ST,JVM,2510
S27,Jharkhand,68,Gumla,BISHWANATH ORAON,MALE,53,ST,CPI,1501
S27,Jharkhand,68,Gumla,SHANKAR RAM KISAN,MALE,43,ST,IND,1273
S27,Jharkhand,68,Gumla,KHUDI BHAGAT DUKHI,MALE,66,ST,RADP,1234
S27,Jharkhand,68,Gumla,SAROJ HEMROM,FEMALE,43,ST,JKP,1228
S27,Jharkhand,68,Gumla,9 PLACIDIUS TOPPO,MALE,46,ST,IND,894
S27,Jharkhand,68,Gumla,JITU KHARIYA,MALE,41,ST,IND,538
S27,Jharkhand,68,Gumla,11 NILAMBAR PRAKASH BHAGAT,MALE,53,ST,BTP,433
S27,Jharkhand,68,Gumla,PRADEEP ORAON,MALE,25,ST,JD(U),290
S27,Jharkhand,68,Gumla,DEEPAK DHANWAR,MALE,35,ST,JAC,266
S27,Jharkhand,69,Bishunpur,CHAMRA LINDA,MALE,49,ST,JMM,80864
S27,Jharkhand,69,Bishunpur,ASHOK ORAON,MALE,48,ST,BJP,63482
S27,Jharkhand,69,Bishunpur,MAHATMA ORAON,MALE,37,ST,JVM,5005
S27,Jharkhand,69,Bishunpur,MOHAN BHAGAT,MALE,48,ST,IND,2450
S27,Jharkhand,69,Bishunpur,FULMANI BARA,FEMALE,36,ST,IND,2214
S27,Jharkhand,69,Bishunpur,PUSHPA PANNA,FEMALE,42,ST,IND,1101
S27,Jharkhand,69,Bishunpur,BHINESHWAR BHAGAT,MALE,50,ST,BTP,942
S27,Jharkhand,69,Bishunpur,AMCHANDRA BHAGAT,MALE,52,ST,BSP,932
S27,Jharkhand,69,Bishunpur,ROHIT KUJUR,MALE,25,ST,BRJNJGGWP,825
S27,Jharkhand,69,Bishunpur,11 JOHN ORAON,MALE,54,ST,IND,761
S27,Jharkhand,69,Bishunpur,KRIPA  LATA  DEVI,FEMALE,34,ST,JD(U),732
S27,Jharkhand,69,Bishunpur,BALIRAM ORAON,MALE,31,ST,JAC,494
S27,Jharkhand,70,Simdega,BHUSHAN BARA,MALE,46,ST,INC,60651
S27,Jharkhand,70,Simdega,SHRADHANAND BESRA,MALE,47,ST,BJP,60366
S27,Jharkhand,70,Simdega,REZI DUNGDUNG,MALE,59,ST,JKP,10753
S27,Jharkhand,70,Simdega,OLIVER LAKRA,MALE,42,ST,RTSGP,2865
S27,Jharkhand,70,Simdega,MOHAN BARAIK,MALE,25,ST,JVM,2137
S27,Jharkhand,70,Simdega,ABRAHM MINJ,MALE,67,ST,IND,1666
S27,Jharkhand,70,Simdega,MOHAN KACHHAP,MALE,41,ST,JD(U),961
S27,Jharkhand,70,Simdega,9 MAHESHWAR KHERWAR,MALE,38,ST,IND,936
S27,Jharkhand,70,Simdega,BINOD KERKETTA,MALE,37,ST,AAAP,846
S27,Jharkhand,70,Simdega,11 DILIP BIRHOR,MALE,30,ST,BRJNJGGWP,717
S27,Jharkhand,70,Simdega,NIROJ GOND,MALE,30,ST,GGP,553
S27,Jharkhand,71,Kolebira,NAMAN BIXAL KONGARI,MALE,47,ST,INC,48574
S27,Jharkhand,71,Kolebira,SUJAN JOJO,MALE,36,ST,BJP,36236
S27,Jharkhand,71,Kolebira,IREEN EKKA,FEMALE,25,ST,JKP,18700
S27,Jharkhand,71,Kolebira,ANIL KANDULNA,MALE,39,ST,RTSGP,14351
S27,Jharkhand,71,Kolebira,SURENDRA SINGH,MALE,42,ST,BSP,1810
S27,Jharkhand,71,Kolebira,SHIVCHAN MANGHI,MALE,45,ST,IND,1526
S27,Jharkhand,71,Kolebira,PYARA MUNDU,MALE,61,ST,IND,1474
S27,Jharkhand,71,Kolebira,9 DEEPAK KERKETTA,MALE,25,ST,JVM,1352
S27,Jharkhand,71,Kolebira,DAVID PAWAN KERKETTA,MALE,32,ST,IND,888
S27,Jharkhand,72,Lohardaga,RAMESHWAR ORAON,MALE,72,ST,INC,74380
S27,Jharkhand,72,Lohardaga,SUKHDEO BHAGAT,MALE,58,ST,BJP,44230
S27,Jharkhand,72,Lohardaga,NERU SHANTI BHAGAT,FEMALE,54,ST,AJSUP,39916
S27,Jharkhand,72,Lohardaga,SADHNU BHAGAT,MALE,73,ST,BTP,4318
S27,Jharkhand,72,Lohardaga,PAWAN TIGGA,MALE,48,ST,JVM,1661
S27,Jharkhand,72,Lohardaga,DIPAK ORAON,MALE,28,ST,JD(U),1384
S27,Jharkhand,72,Lohardaga,EKUS DHAN,MALE,66,ST,IND,1360
S27,Jharkhand,72,Lohardaga,9 SHARWAN KUMAR PANNA,MALE,40,ST,BSP,1310
S27,Jharkhand,72,Lohardaga,ASHISH ORAON,MALE,25,ST,IND,1174
S27,Jharkhand,72,Lohardaga,11 AJIT KUMAR BHAGAT,MALE,34,ST,IND,991
S27,Jharkhand,72,Lohardaga,SUNIL KUJUR,MALE,51,ST,IND,789
S27,Jharkhand,73,Manika,RAMCHANDRA SINGH,MALE,54,ST,INC,74000
S27,Jharkhand,73,Manika,RAGHUPAL  SINGH,MALE,40,ST,BJP,57760
S27,Jharkhand,73,Manika,VICTOR  KERKETTA,MALE,68,ST,SP,2941
S27,Jharkhand,73,Manika,HARDAYAL SINGH,MALE,43,ST,BSP,2476
S27,Jharkhand,73,Manika,RAM LAGAN SINGH,MALE,59,ST,IND,1945
S27,Jharkhand,73,Manika,RAJENDRA SINGH,MALE,36,ST,CPI(ML)(L),1867
S27,Jharkhand,73,Manika,RAJPAL  SINGH,MALE,27,ST,JVM,1656
S27,Jharkhand,73,Manika,9 BUDESWAR  ORAON,MALE,39,ST,JD(U),1175
S27,Jharkhand,73,Manika,KARMLAL  ORAON,MALE,36,ST,PPID,713
S27,Jharkhand,73,Manika,11 MANFIRAN  SINGH,MALE,39,ST,BRJNJGGWP,677
S27,Jharkhand,74,Latehar,BAIDYANATH RAM,MALE,52,SC,JMM,76507
S27,Jharkhand,74,Latehar,PRAKASH RAM,MALE,50,SC,BJP,60179
S27,Jharkhand,74,Latehar,SANTOSH KUMAR PASWAN,MALE,40,SC,IND,15985
S27,Jharkhand,74,Latehar,AMAN KUMAR BHOGTA,MALE,26,SC,JVM,8700
S27,Jharkhand,74,Latehar,SANJAY KUMAR,MALE,39,SC,IND,4278
S27,Jharkhand,74,Latehar,RAMESH GANJHU,MALE,61,SC,BSP,3143
S27,Jharkhand,74,Latehar,VIRENDRA PASWAN,MALE,51,SC,IND,1827
S27,Jharkhand,74,Latehar,9 SHRAVAN PASWAN,MALE,30,SC,IND,1818
S27,Jharkhand,74,Latehar,TULSI RAM,MALE,46,SC,HAMS,1800
S27,Jharkhand,74,Latehar,11 AMIT KUMAR TURI,MALE,29,SC,IND,1210
S27,Jharkhand,74,Latehar,FULCHAND GANJHU,MALE,50,SC,JD(U),1017
S27,Jharkhand,75,Panki,KUSHWAHA SHASHI BHUSHAN MEHTA,MALE,50,GENERAL,BJP,93184
S27,Jharkhand,75,Panki,DEVENDRA KUMAR SINGH,MALE,30,GENERAL,INC,55994
S27,Jharkhand,75,Panki,MUMTAZ AHMAD KHAN,MALE,48,GENERAL,IND,9419
S27,Jharkhand,75,Panki,SUMIT KUMAR YADAV,MALE,26,GENERAL,IND,4243
S27,Jharkhand,75,Panki,RAJAN KUMAR,MALE,28,GENERAL,IND,3496
S27,Jharkhand,75,Panki,PURANCHAND SAW,MALE,45,GENERAL,CPI,2786
S27,Jharkhand,75,Panki,MD ALAM,MALE,59,GENERAL,BSP,2163
S27,Jharkhand,75,Panki,9 KAMTA THAKUR,MALE,38,GENERAL,IND,1352
S27,Jharkhand,75,Panki,RUDRA KUMAR SHUKLA,MALE,33,GENERAL,JVM,893
S27,Jharkhand,75,Panki,11 SURENDRA YADAV,MALE,44,GENERAL,AITC,845
S27,Jharkhand,75,Panki,SUSHIL KUMAR MANGLAM,MALE,46,GENERAL,JD(U),565
S27,Jharkhand,75,Panki,LUWANTI KUMARI,FEMALE,25,GENERAL,RTMP,523
S27,Jharkhand,75,Panki,RAMESH KUMAR,MALE,39,GENERAL,BLSP,335
S27,Jharkhand,75,Panki,RAMDEO PRASAD YADAV,MALE,53,GENERAL,LJP,330
S27,Jharkhand,75,Panki,BHAGALPURI YADAV,MALE,38,GENERAL,DD,299
S27,Jharkhand,76,Daltonganj,ALOK KUMAR CHAURASIYA,MALE,29,GENERAL,BJP,103698
S27,Jharkhand,76,Daltonganj,KRISHNA NAND TRIPATHI,MALE,42,GENERAL,INC,82181
S27,Jharkhand,76,Daltonganj,RAHUL AGRAWAL,MALE,41,GENERAL,JVM,12061
S27,Jharkhand,76,Daltonganj,SANJAY KUMAR SINGH,MALE,36,GENERAL,IND,3863
S27,Jharkhand,76,Daltonganj,SANTOSH KUMAR SHARMA,MALE,35,GENERAL,IND,2979
S27,Jharkhand,76,Daltonganj,JAGANNATH PRASAD SINGH,MALE,51,GENERAL,BSP,2661
S27,Jharkhand,76,Daltonganj,VIJETA VERMA,FEMALE,31,GENERAL,NCP,1208
S27,Jharkhand,76,Daltonganj,9 BRAJESH KUMAR,MALE,31,GENERAL,IND,965
S27,Jharkhand,76,Daltonganj,Rakesh Kumar Tiwary,MALE,26,GENERAL,IND,791
S27,Jharkhand,76,Daltonganj,11 AZIMUDDIN MIYAN,MALE,44,GENERAL,IND,542
S27,Jharkhand,76,Daltonganj,KRISHN NAND CHAUDHRI,MALE,25,GENERAL,RJBP,533
S27,Jharkhand,76,Daltonganj,RAVINDRA PAL,MALE,30,GENERAL,BMUP,473
S27,Jharkhand,76,Daltonganj,ANUJ KUMAR THAKUR,MALE,29,GENERAL,IND,465
S27,Jharkhand,76,Daltonganj,SANTOSH KUMAR DUBEY,MALE,43,GENERAL,SHS,406
S27,Jharkhand,76,Daltonganj,MOHAN YADAV,MALE,29,SC,SP,323
S27,Jharkhand,77,Bishrampur,RAMCHANDRA CHANDRAVANSHI,MALE,72,GENERAL,BJP,40635
S27,Jharkhand,77,Bishrampur,RAJESH MEHTA,MALE,46,GENERAL,BSP,32122
S27,Jharkhand,77,Bishrampur,NARESH PRASAD SINGH,MALE,56,GENERAL,IND,27820
S27,Jharkhand,77,Bishrampur,CHANDRA SHEKHAR DUBEY,MALE,74,GENERAL,INC,26957
S27,Jharkhand,77,Bishrampur,ANJU SINGH,FEMALE,40,GENERAL,JVM,24851
S27,Jharkhand,77,Bishrampur,ASHARFI RAM,MALE,50,GENERAL,AIMIM,11558
S27,Jharkhand,77,Bishrampur,BRAHMDEO PRASAD,MALE,43,GENERAL,JD(U),7928
S27,Jharkhand,77,Bishrampur,VIJAY RAM,MALE,36,SC,IND,2689
S27,Jharkhand,77,Bishrampur,9 ANIL MISTRI,MALE,48,GENERAL,CPIM,2161
S27,Jharkhand,77,Bishrampur,RAM CHANDRA RAM,MALE,54,GENERAL,IND,1505
S27,Jharkhand,77,Bishrampur,11 RAM BACHANA RAM,MALE,42,SC,BMUP,1500
S27,Jharkhand,77,Bishrampur,MASROOR AHMAD KHAN,MALE,46,GENERAL,AAAP,1222
S27,Jharkhand,77,Bishrampur,BRAJESH PRASAD YADAV,MALE,30,GENERAL,NYP,1083
S27,Jharkhand,77,Bishrampur,LAKSHUMAN SINGH,MALE,56,GENERAL,IND,985
S27,Jharkhand,77,Bishrampur,SATISH KUMAR SINGH,MALE,31,GENERAL,IND,972
S27,Jharkhand,77,Bishrampur,MADHESHWAR KUMAR MEHTA,MALE,31,GENERAL,SP,813
S27,Jharkhand,77,Bishrampur,SUNDAR SAH,MALE,50,GENERAL,IND,796
S27,Jharkhand,77,Bishrampur,MANOJ KUMAR RAVI,MALE,30,SC,PPID,678
S27,Jharkhand,77,Bishrampur,SALIM RAY,MALE,55,GENERAL,IND,556
S27,Jharkhand,78,Chattarpur,PUSHPA DEVI,FEMALE,46,SC,BJP,64127
S27,Jharkhand,78,Chattarpur,VIJAY KUMAR,MALE,44,SC,RJD,37335
S27,Jharkhand,78,Chattarpur,RADHA KRISHANA KISHORE,MALE,61,SC,AJSUP,16018
S27,Jharkhand,78,Chattarpur,DHARMENDRA PRAKASH BADAL,MALE,33,SC,JVM,15522
S27,Jharkhand,78,Chattarpur,SUDHA CHAUDHARY,FEMALE,53,SC,JD(U),8794
S27,Jharkhand,78,Chattarpur,BIRENDRA KUMAR PASWAN,MALE,44,SC,BSP,5899
S27,Jharkhand,78,Chattarpur,SHASHIKANT KUMAR,MALE,28,SC,LJP,2923
S27,Jharkhand,78,Chattarpur,9 JANESHWAR RAM,MALE,49,SC,CPI,2642
S27,Jharkhand,78,Chattarpur,NARESH KUMAR BHARTI,MALE,32,SC,SP,1975
S27,Jharkhand,78,Chattarpur,11 VIPUL PASWAN,MALE,30,SC,JSVP,1725
S27,Jharkhand,78,Chattarpur,SUMITRA PASWAN,FEMALE,60,SC,JPJD,1650
S27,Jharkhand,78,Chattarpur,AWDHESH RAM,MALE,39,SC,PPID,1438
S27,Jharkhand,79,Hussainabad,Kamlesh Kumar Singh,MALE,60,GENERAL,NCP,41293
S27,Jharkhand,79,Hussainabad,Sanjay Kumar Singh Yadav,MALE,51,GENERAL,RJD,31444
S27,Jharkhand,79,Hussainabad,Sher Ali,MALE,36,GENERAL,BSP,28877
S27,Jharkhand,79,Hussainabad,Vinod Kr. Singh,MALE,48,GENERAL,IND,27860
S27,Jharkhand,79,Hussainabad,Kushwaha Shivpujan Mehta,MALE,43,GENERAL,AJSUP,15544
S27,Jharkhand,79,Hussainabad,Rajnish Kumar Rajak,MALE,25,SC,IND,1990
S27,Jharkhand,79,Hussainabad,Jitendra Kumar,MALE,26,GENERAL,IND,1977
S27,Jharkhand,79,Hussainabad,Sunil Kumar Singh,MALE,46,GENERAL,JPJD,1844
S27,Jharkhand,79,Hussainabad,am Naresh Ram,MALE,45,SC,SBSP,1732
S27,Jharkhand,79,Hussainabad,Lokesh Pratap Singh,MALE,26,GENERAL,IND,1447
S27,Jharkhand,79,Hussainabad,11 Birendra Kumar,MALE,41,GENERAL,JVM,1324
S27,Jharkhand,79,Hussainabad,Aditya Kumar Chandel,MALE,31,GENERAL,JD(U),1277
S27,Jharkhand,79,Hussainabad,Pradeep Kumar Singh,MALE,34,GENERAL,IND,1185
S27,Jharkhand,79,Hussainabad,Shravan Kumar,MALE,28,SC,APoI,1093
S27,Jharkhand,79,Hussainabad,Anand Pratap Singh,MALE,29,GENERAL,LJP,1065
S27,Jharkhand,79,Hussainabad,Kanhaiya Vishwakarma,MALE,26,GENERAL,AAAP,747
S27,Jharkhand,79,Hussainabad,Naresh Kumar Paswan,MALE,38,SC,IND,745
S27,Jharkhand,79,Hussainabad,Vivekanand Singh,MALE,26,GENERAL,IND,680
S27,Jharkhand,79,Hussainabad,Dharmendra Paswan,MALE,36,SC,BaSaPa,518
S27,Jharkhand,80,Garhwa,MITHILESH KUMAR THAKUR,MALE,53,GENERAL,JMM,106681
S27,Jharkhand,80,Garhwa,SATYENDRA NATH TIWARI,MALE,57,GENERAL,BJP,83159
S27,Jharkhand,80,Garhwa,BIRENDRA PRASAD,MALE,34,GENERAL,BSP,10638
S27,Jharkhand,80,Garhwa,MANDIP MALLAH,MALE,29,GENERAL,AITC,7368
S27,Jharkhand,80,Garhwa,MD. NAJIBUDDIN KHAN,MALE,41,GENERAL,AIMIM,6231
S27,Jharkhand,80,Garhwa,SURAJ PRASAD GUPTA,MALE,40,GENERAL,JVM,5852
S27,Jharkhand,80,Garhwa,BIHARI VISHWAKARMA,MALE,49,GENERAL,IND,5339
S27,Jharkhand,80,Garhwa,DILIP KUMAR TIWARI,MALE,45,GENERAL,IND,4114
S27,Jharkhand,80,Garhwa,9 SUJAUDDIN ANSARI,MALE,50,GENERAL,IND,2437
S27,Jharkhand,80,Garhwa,DINESH RAM,MALE,40,SC,IND,1567
S27,Jharkhand,80,Garhwa,11 RAGORAKH NATH MAHTO,MALE,30,GENERAL,IND,1489
S27,Jharkhand,80,Garhwa,VIKASH KUMAR,MALE,27,GENERAL,RJBP,1091
S27,Jharkhand,80,Garhwa,KULDIP PASWAN,MALE,46,GENERAL,IND,920
S27,Jharkhand,80,Garhwa,PATANJALI KUMAR KESHARI,MALE,41,GENERAL,JD(U),812
S27,Jharkhand,80,Garhwa,MANISH KUMAR GUPTA,MALE,31,GENERAL,SHS,726
S27,Jharkhand,80,Garhwa,MANOJ YADAV,MALE,31,GENERAL,PPID,553
S27,Jharkhand,81,Bhawanathpur,Bhanu Pratap Shahi,MALE,44,GENERAL,BJP,96818
S27,Jharkhand,81,Bhawanathpur,Sogra Bibi,FEMALE,37,GENERAL,BSP,56914
S27,Jharkhand,81,Bhawanathpur,Anant Pratap Deo,MALE,48,GENERAL,IND,53050
S27,Jharkhand,81,Bhawanathpur,Kedar Prasad Yadav,MALE,49,GENERAL,INC,10895
S27,Jharkhand,81,Bhawanathpur,Vijay Kumar Keshri,MALE,50,GENERAL,JVM,3876
S27,Jharkhand,81,Bhawanathpur,Rekha Choubey,FEMALE,34,GENERAL,LJP,3625
S27,Jharkhand,81,Bhawanathpur,Rameshwar Prasad Akela,MALE,65,GENERAL,CPI,3565
S27,Jharkhand,81,Bhawanathpur,Kanhya Chaubey,MALE,48,GENERAL,AITC,3186
S27,Jharkhand,81,Bhawanathpur,9 Shakuntala Devi,FEMALE,53,GENERAL,JD(U),2666
S27,Jharkhand,81,Bhawanathpur,11 Ramvinay Vishwakarma,MALE,48,GENERAL,SUCI(C),1813
S27,Jharkhand,81,Bhawanathpur,Arundev Kumar Gupta,MALE,25,GENERAL,IND,1683
S27,Jharkhand,81,Bhawanathpur,Shanker Priya Ram,MALE,36,GENERAL,IND,1580
S27,Jharkhand,81,Bhawanathpur,Bhanu Ram,MALE,64,GENERAL,IND,1486
S27,Jharkhand,81,Bhawanathpur,Abhay Kumar Pandey,MALE,43,GENERAL,IND,1256
S27,Jharkhand,81,Bhawanathpur,Munna Prasad,MALE,41,GENERAL,JP,1235
S27,Jharkhand,81,Bhawanathpur,Barun Bihari,MALE,31,GENERAL,CPI(ML)(L),1086
S27,Jharkhand,81,Bhawanathpur,Anup Kumar Tiwari,MALE,36,GENERAL,SP,1031
S27,Jharkhand,81,Bhawanathpur,Lavkush Prajapati,MALE,28,GENERAL,VPI,964
S27,Jharkhand,81,Bhawanathpur,Manish Kumar,MALE,27,GENERAL,IND,942
S27,Jharkhand,81,Bhawanathpur,Rajendra Paswan,MALE,65,SC,AAAP,932
S27,Jharkhand,81,Bhawanathpur,Ram Naresh Yadav,MALE,50,GENERAL,IND,866
S27,Jharkhand,81,Bhawanathpur,Ekbal Singh,MALE,64,ST,CPIM,744
S27,Jharkhand,81,Bhawanathpur,Nityanand Pathak,MALE,33,GENERAL,JRJP,619
S27,Jharkhand,81,Bhawanathpur,Rupesh Kumar,MALE,42,GENERAL,IND,553
S27,Jharkhand,81,Bhawanathpur,Shiv Kumar Uraon,MALE,42,ST,IND,541
S27,Jharkhand,81,Bhawanathpur,Kishun Ram,MALE,47,GENERAL,IND,540
S27,Jharkhand,81,Bhawanathpur,Ram Lal Dinkar,MALE,44,SC,IND,523
S27,Jharkhand,81,Bhawanathpur,Priyanka devi,FEMALE,31,GENERAL,IND,346